Region,Year,Quarter,AACI
AU,1981,1,-0.360720893
AU,1981,2,0.028828328
AU,1981,3,-0.121666218
AU,1981,4,0.104726322
AU,1982,1,0.09575385
AU,1982,2,-0.424652102
AU,1982,3,-0.63273367
AU,1982,4,-0.467719422
AU,1983,1,-0.267927813
AU,1983,2,0.323520885
AU,1983,3,-0.014929604
AU,1983,4,0.218145198
AU,1984,1,-0.021653382
AU,1984,2,-0.220144804
AU,1984,3,-0.104928185
AU,1984,4,-0.219410704
AU,1985,1,-0.229901853
AU,1985,2,0.089531701
AU,1985,3,-0.075631317
AU,1985,4,-0.270436203
AU,1986,1,-0.203882643
AU,1986,2,-0.011587729
AU,1986,3,-0.219381493
AU,1986,4,-0.361121933
AU,1987,1,-0.269762053
AU,1987,2,-0.199285336
AU,1987,3,-0.229166894
AU,1987,4,0.037173582
AU,1988,1,-0.153052797
AU,1988,2,0.145912628
AU,1988,3,0.163568274
AU,1988,4,0.462748415
AU,1989,1,-0.109492425
AU,1989,2,0.360090845
AU,1989,3,-0.477926034
AU,1989,4,-0.089843975
AU,1990,1,-0.116349935
AU,1990,2,0.410668038
AU,1990,3,0.163694466
AU,1990,4,-0.280574113
AU,1991,1,0.37031331
AU,1991,2,-0.265377592
AU,1991,3,0.284447909
AU,1991,4,-0.434773279
AU,1992,1,-0.155586698
AU,1992,2,-0.3595084
AU,1992,3,0.020102146
AU,1992,4,-0.153900742
AU,1993,1,-0.163382367
AU,1993,2,-0.397090234
AU,1993,3,-0.251274362
AU,1993,4,-0.204693582
AU,1994,1,-0.045917128
AU,1994,2,0.148769552
AU,1994,3,-0.215111009
AU,1994,4,-0.112644074
AU,1995,1,-0.157776844
AU,1995,2,-0.23390711
AU,1995,3,0.368798591
AU,1995,4,-0.084883111
AU,1996,1,0.052500835
AU,1996,2,-0.224907429
AU,1996,3,0.074148662
AU,1996,4,0.087922857
AU,1997,1,0.057808145
AU,1997,2,-0.253153551
AU,1997,3,-0.482061632
AU,1997,4,-0.287449756
AU,1998,1,-0.325568638
AU,1998,2,0.330607014
AU,1998,3,0.051358083
AU,1998,4,0.246629382
AU,1999,1,-0.08086343
AU,1999,2,0.213088566
AU,1999,3,-0.013750699
AU,1999,4,0.04219098
AU,2000,1,0.025892459
AU,2000,2,-0.098455949
AU,2000,3,-0.054286418
AU,2000,4,-0.050774011
AU,2001,1,0.394483472
AU,2001,2,-0.088470083
AU,2001,3,0.23692274
AU,2001,4,-0.089246455
AU,2002,1,0.131211033
AU,2002,2,-0.016247141
AU,2002,3,0.078198255
AU,2002,4,0.095140081
AU,2003,1,-0.033096481
AU,2003,2,0.169675098
AU,2003,3,0.139888346
AU,2003,4,0.127533437
AU,2004,1,0.174513665
AU,2004,2,-0.108422253
AU,2004,3,-0.119563774
AU,2004,4,0.068794061
AU,2005,1,0.022897664
AU,2005,2,0.118135833
AU,2005,3,0.420758772
AU,2005,4,0.206702819
AU,2006,1,0.366893079
AU,2006,2,-0.020994903
AU,2006,3,-0.298690266
AU,2006,4,0.202549216
AU,2007,1,-0.031873252
AU,2007,2,0.233663139
AU,2007,3,0.255390616
AU,2007,4,0.206629606
AU,2008,1,0.006186041
AU,2008,2,-0.034961047
AU,2008,3,0.128003395
AU,2008,4,0.230484687
AU,2009,1,0.5047955
AU,2009,2,0.158882043
AU,2009,3,0.447657326
AU,2009,4,0.348355391
AU,2010,1,0.245476662
AU,2010,2,0.207781021
AU,2010,3,0.249057675
AU,2010,4,0.406983656
AU,2011,1,0.927977932
AU,2011,2,0.138286179
AU,2011,3,0.172289858
AU,2011,4,0.526143668
AU,2012,1,0.050511035
AU,2012,2,0.170232966
AU,2012,3,0.19545848
AU,2012,4,0.158200995
AU,2013,1,0.964802442
AU,2013,2,0.48189922
AU,2013,3,0.358816607
AU,2013,4,0.531825314
AU,2014,1,0.744040948
AU,2014,2,0.19970022
AU,2014,3,0.298477897
AU,2014,4,0.355226868
AU,2015,1,0.238005773
AU,2015,2,0.450032351
AU,2015,3,-0.298217304
AU,2015,4,0.391212315
AU,2016,1,0.092038323
AU,2016,2,0.855189389
AU,2016,3,0.865328246
AU,2016,4,0.583104587
AU,2017,1,0.758706806
AU,2017,2,0.442119702
AU,2017,3,0.32245063
AU,2017,4,0.469396173
AU,2018,1,1.001563234
AU,2018,2,0.315977522
AU,2018,3,0.211667774
AU,2018,4,0.190991767
AU,2019,1,0.771879592
AU,2019,2,0.479049107
AU,2019,3,0.163247415
AU,2019,4,0.425299385
AU,2020,1,0.9414809
AU,2020,2,0.493226151
AU,2020,3,0.060737691
AU,2020,4,0.646094694
AU,2021,1,0.233906208
AU,2021,2,0.351203192
AU,2021,3,0.444112541
AU,2021,4,0.35347955
CS,1981,1,0.150822354
CS,1981,2,-0.225344547
CS,1981,3,-0.048280212
CS,1981,4,-0.217001448
CS,1982,1,0.078197015
CS,1982,2,-0.218929082
CS,1982,3,-0.546567363
CS,1982,4,-0.100449374
CS,1983,1,0.147912358
CS,1983,2,1.192935326
CS,1983,3,-0.136957122
CS,1983,4,-0.164074133
CS,1984,1,-0.098120804
CS,1984,2,-0.305455036
CS,1984,3,0.265458623
CS,1984,4,-0.376147604
CS,1985,1,-0.474926994
CS,1985,2,-0.425922352
CS,1985,3,-0.123550677
CS,1985,4,-0.328523629
CS,1986,1,-0.469197609
CS,1986,2,0.041028725
CS,1986,3,0.028620242
CS,1986,4,-0.377645953
CS,1987,1,-0.384494846
CS,1987,2,-0.18730226
CS,1987,3,-0.188780911
CS,1987,4,-0.356798871
CS,1988,1,-0.25535203
CS,1988,2,0.126603685
CS,1988,3,0.206155282
CS,1988,4,0.547326514
CS,1989,1,-0.435543359
CS,1989,2,0.588674535
CS,1989,3,-0.352588439
CS,1989,4,-0.273283987
CS,1990,1,-0.174311177
CS,1990,2,0.630968782
CS,1990,3,0.064105832
CS,1990,4,-0.537451924
CS,1991,1,0.177762357
CS,1991,2,-0.151529286
CS,1991,3,-0.201969206
CS,1991,4,-0.460305777
CS,1992,1,0.151557745
CS,1992,2,-0.488982349
CS,1992,3,-0.443072948
CS,1992,4,-0.514325868
CS,1993,1,-0.248865227
CS,1993,2,-0.363217407
CS,1993,3,0.434828727
CS,1993,4,-0.200021065
CS,1994,1,0.011174033
CS,1994,2,-0.185333232
CS,1994,3,-0.359593269
CS,1994,4,-0.46091693
CS,1995,1,0.078162313
CS,1995,2,-0.086108614
CS,1995,3,0.540087588
CS,1995,4,0.365165133
CS,1996,1,0.004848159
CS,1996,2,0.326214391
CS,1996,3,0.076183736
CS,1996,4,0.204879949
CS,1997,1,0.343975278
CS,1997,2,-0.439915464
CS,1997,3,-0.487353167
CS,1997,4,0.683849259
CS,1998,1,-0.219590359
CS,1998,2,0.99837515
CS,1998,3,1.000921323
CS,1998,4,0.087766788
CS,1999,1,-0.504555129
CS,1999,2,0.188685656
CS,1999,3,-0.506708873
CS,1999,4,-0.114294845
CS,2000,1,-0.525762993
CS,2000,2,0.486818172
CS,2000,3,-0.521934047
CS,2000,4,0.649442947
CS,2001,1,0.440507653
CS,2001,2,-0.258732739
CS,2001,3,-0.014175194
CS,2001,4,-0.332811216
CS,2002,1,-0.39080294
CS,2002,2,0.518460186
CS,2002,3,0.240469312
CS,2002,4,0.328426901
CS,2003,1,0.340853943
CS,2003,2,-0.300923581
CS,2003,3,0.042539985
CS,2003,4,0.202731834
CS,2004,1,1.801094711
CS,2004,2,-0.079413058
CS,2004,3,-0.276450984
CS,2004,4,0.0710114
CS,2005,1,0.050867829
CS,2005,2,-0.409126986
CS,2005,3,0.539533068
CS,2005,4,0.124408621
CS,2006,1,0.91880518
CS,2006,2,-0.283733737
CS,2006,3,-0.50874945
CS,2006,4,0.12024247
CS,2007,1,-0.266086958
CS,2007,2,0.13987783
CS,2007,3,0.278448598
CS,2007,4,-0.254011272
CS,2008,1,-0.188529873
CS,2008,2,-0.497009982
CS,2008,3,0.053922145
CS,2008,4,0.273538631
CS,2009,1,-0.083357987
CS,2009,2,-0.103744768
CS,2009,3,0.926038064
CS,2009,4,1.254411272
CS,2010,1,0.015466843
CS,2010,2,-0.195948294
CS,2010,3,0.110925815
CS,2010,4,0.064593633
CS,2011,1,0.502749804
CS,2011,2,-0.223531081
CS,2011,3,-0.332729734
CS,2011,4,0.435471828
CS,2012,1,-0.19371016
CS,2012,2,-0.260836422
CS,2012,3,0.023798737
CS,2012,4,-0.458261495
CS,2013,1,1.159147039
CS,2013,2,-0.312853573
CS,2013,3,-0.043482887
CS,2013,4,0.26138627
CS,2014,1,0.839712463
CS,2014,2,0.97833205
CS,2014,3,-0.416304468
CS,2014,4,1.120754068
CS,2015,1,-0.332773399
CS,2015,2,0.599201213
CS,2015,3,-0.070371009
CS,2015,4,0.137176869
CS,2016,1,-0.245741407
CS,2016,2,1.26728255
CS,2016,3,1.515076476
CS,2016,4,0.19081182
CS,2017,1,2.490856494
CS,2017,2,0.663947032
CS,2017,3,0.130950565
CS,2017,4,1.034711655
CS,2018,1,0.69918181
CS,2018,2,0.244579816
CS,2018,3,0.028089526
CS,2018,4,0.068133151
CS,2019,1,1.114975032
CS,2019,2,1.316685464
CS,2019,3,-0.145308199
CS,2019,4,0.54702356
CS,2020,1,2.617906583
CS,2020,2,-0.274109578
CS,2020,3,-0.203740453
CS,2020,4,0.294631851
CS,2021,1,0.211858612
CS,2021,2,0.22262243
CS,2021,3,0.146164146
CS,2021,4,0.321013128
EN,1981,1,-0.527524561
EN,1981,2,-0.060654675
EN,1981,3,-0.62832373
EN,1981,4,0.18126066
EN,1982,1,0.255234596
EN,1982,2,-0.522538299
EN,1982,3,-0.771764913
EN,1982,4,-0.696247706
EN,1983,1,-0.197694527
EN,1983,2,0.549812345
EN,1983,3,0.451889714
EN,1983,4,0.384319757
EN,1984,1,-0.051016866
EN,1984,2,-0.312291909
EN,1984,3,0.366250071
EN,1984,4,-0.105867275
EN,1985,1,-0.581456597
EN,1985,2,0.00562845
EN,1985,3,-0.541102543
EN,1985,4,-0.411623555
EN,1986,1,-0.531731143
EN,1986,2,-0.382313565
EN,1986,3,-0.565653338
EN,1986,4,-0.383091072
EN,1987,1,-0.181804756
EN,1987,2,-0.920665834
EN,1987,3,-0.465268224
EN,1987,4,-0.114242792
EN,1988,1,0.199741916
EN,1988,2,-0.147589229
EN,1988,3,0.949805542
EN,1988,4,0.152858813
EN,1989,1,0.170292318
EN,1989,2,0.475228637
EN,1989,3,0.003869173
EN,1989,4,0.147662881
EN,1990,1,-0.512229999
EN,1990,2,0.114321725
EN,1990,3,0.19103045
EN,1990,4,-0.109194524
EN,1991,1,0.486007686
EN,1991,2,0.258262855
EN,1991,3,0.252137328
EN,1991,4,-0.080726851
EN,1992,1,0.551713899
EN,1992,2,0.084760756
EN,1992,3,-0.218386096
EN,1992,4,-0.233159249
EN,1993,1,-0.39471768
EN,1993,2,-0.261100981
EN,1993,3,-0.010883967
EN,1993,4,-0.176418585
EN,1994,1,-0.069839659
EN,1994,2,-0.217811698
EN,1994,3,-0.560647879
EN,1994,4,-0.220587789
EN,1995,1,0.245442593
EN,1995,2,-0.230893026
EN,1995,3,-0.053903378
EN,1995,4,0.230244633
EN,1996,1,0.266525974
EN,1996,2,0.518544318
EN,1996,3,-0.141561438
EN,1996,4,-0.295968825
EN,1997,1,0.171511302
EN,1997,2,-0.142013223
EN,1997,3,-0.68269225
EN,1997,4,-0.720896262
EN,1998,1,-0.086260637
EN,1998,2,0.927211577
EN,1998,3,-0.243348862
EN,1998,4,0.593196449
EN,1999,1,0.093300012
EN,1999,2,-0.325408186
EN,1999,3,0.123875901
EN,1999,4,-0.433623534
EN,2000,1,-0.063668292
EN,2000,2,-0.49648951
EN,2000,3,0.298680136
EN,2000,4,-0.307174502
EN,2001,1,0.20785503
EN,2001,2,0.864894599
EN,2001,3,-0.003319726
EN,2001,4,0.037486384
EN,2002,1,0.684698471
EN,2002,2,0.220153763
EN,2002,3,0.252242749
EN,2002,4,0.097088435
EN,2003,1,-0.369373919
EN,2003,2,-0.104036878
EN,2003,3,-0.008132578
EN,2003,4,0.149527301
EN,2004,1,0.39485444
EN,2004,2,-0.375571457
EN,2004,3,-0.13909943
EN,2004,4,0.012556261
EN,2005,1,-0.267785386
EN,2005,2,-0.281067374
EN,2005,3,0.301523094
EN,2005,4,0.650834736
EN,2006,1,0.137332977
EN,2006,2,0.317808587
EN,2006,3,0.095846056
EN,2006,4,0.084728458
EN,2007,1,-0.956975006
EN,2007,2,0.122456738
EN,2007,3,0.053967858
EN,2007,4,0.166806688
EN,2008,1,-0.022203762
EN,2008,2,-0.252910445
EN,2008,3,0.256169511
EN,2008,4,0.677132848
EN,2009,1,0.367074866
EN,2009,2,0.384663493
EN,2009,3,0.610856246
EN,2009,4,-0.269624897
EN,2010,1,0.554022691
EN,2010,2,0.28978671
EN,2010,3,0.838725846
EN,2010,4,1.009405682
EN,2011,1,1.505099289
EN,2011,2,0.301590265
EN,2011,3,-0.365891729
EN,2011,4,0.085330102
EN,2012,1,-0.093183068
EN,2012,2,-0.15863365
EN,2012,3,0.450135058
EN,2012,4,-0.207695541
EN,2013,1,3.004339732
EN,2013,2,0.551165957
EN,2013,3,0.014809683
EN,2013,4,0.600187096
EN,2014,1,0.589558024
EN,2014,2,0.185424342
EN,2014,3,0.062096452
EN,2014,4,0.808141765
EN,2015,1,0.71026132
EN,2015,2,0.820049761
EN,2015,3,-0.249735563
EN,2015,4,0.291218164
EN,2016,1,0.142565086
EN,2016,2,0.987515817
EN,2016,3,1.577312092
EN,2016,4,0.751515082
EN,2017,1,0.379444346
EN,2017,2,0.751805033
EN,2017,3,1.044734252
EN,2017,4,1.702457168
EN,2018,1,1.062939001
EN,2018,2,0.373338218
EN,2018,3,0.984286908
EN,2018,4,0.622133636
EN,2019,1,0.58472402
EN,2019,2,0.358299759
EN,2019,3,0.271677654
EN,2019,4,0.623471112
EN,2020,1,0.925889705
EN,2020,2,0.783017702
EN,2020,3,0.292924062
EN,2020,4,0.369266059
EN,2021,1,0.955675912
EN,2021,2,0.04533088
EN,2021,3,0.250593809
EN,2021,4,0.309647564
ES,1981,1,-0.407793188
ES,1981,2,0.260687905
ES,1981,3,-0.106991341
ES,1981,4,0.602859352
ES,1982,1,0.254361563
ES,1982,2,-0.266068769
ES,1982,3,-0.295795893
ES,1982,4,-0.126048205
ES,1983,1,-0.210129434
ES,1983,2,-0.153897887
ES,1983,3,-0.55398936
ES,1983,4,0.332746705
ES,1984,1,0.32620849
ES,1984,2,-0.179026816
ES,1984,3,0.330406916
ES,1984,4,0.092831996
ES,1985,1,-0.044813637
ES,1985,2,-0.233667218
ES,1985,3,0.33255159
ES,1985,4,-0.135984401
ES,1986,1,0.004630768
ES,1986,2,-0.063223734
ES,1986,3,0.43624743
ES,1986,4,-0.228445061
ES,1987,1,-0.095217427
ES,1987,2,-0.466178517
ES,1987,3,-0.107035152
ES,1987,4,0.09168222
ES,1988,1,-0.284132148
ES,1988,2,-0.167525602
ES,1988,3,-0.068803072
ES,1988,4,0.548169996
ES,1989,1,-0.415751481
ES,1989,2,0.338493124
ES,1989,3,-0.617008585
ES,1989,4,-0.111397209
ES,1990,1,0.569834703
ES,1990,2,1.094376395
ES,1990,3,0.335384011
ES,1990,4,-0.529486876
ES,1991,1,0.78173037
ES,1991,2,-0.347367361
ES,1991,3,0.762026906
ES,1991,4,-0.882533737
ES,1992,1,0.316385303
ES,1992,2,-0.971137055
ES,1992,3,0.041155264
ES,1992,4,-0.546765441
ES,1993,1,-0.656614186
ES,1993,2,-0.245607071
ES,1993,3,-0.4474392
ES,1993,4,-0.482429016
ES,1994,1,-0.159801393
ES,1994,2,0.304297275
ES,1994,3,-0.896983779
ES,1994,4,0.437504505
ES,1995,1,-0.624474896
ES,1995,2,0.189513793
ES,1995,3,0.640056893
ES,1995,4,0.173968815
ES,1996,1,0.140559086
ES,1996,2,-0.177960923
ES,1996,3,-0.362116158
ES,1996,4,0.362192846
ES,1997,1,-0.338314148
ES,1997,2,-0.157224206
ES,1997,3,-0.762944089
ES,1997,4,-0.547558635
ES,1998,1,-0.364646457
ES,1998,2,0.894507672
ES,1998,3,0.65754766
ES,1998,4,0.11301228
ES,1999,1,-0.085832364
ES,1999,2,0.217447337
ES,1999,3,0.47705248
ES,1999,4,-0.464724405
ES,2000,1,-0.806308111
ES,2000,2,0.145153688
ES,2000,3,-0.309102414
ES,2000,4,-0.684766829
ES,2001,1,0.636050926
ES,2001,2,0.042915608
ES,2001,3,0.320126299
ES,2001,4,-0.250973079
ES,2002,1,0.847308653
ES,2002,2,-0.105101619
ES,2002,3,0.074928023
ES,2002,4,0.457774703
ES,2003,1,-0.285511839
ES,2003,2,-0.015971156
ES,2003,3,0.034302707
ES,2003,4,0.521295748
ES,2004,1,0.266005581
ES,2004,2,-0.121960974
ES,2004,3,-0.340110588
ES,2004,4,0.681664789
ES,2005,1,0.269440998
ES,2005,2,-0.114032657
ES,2005,3,0.142200008
ES,2005,4,0.118767682
ES,2006,1,0.600941568
ES,2006,2,-0.14404774
ES,2006,3,-0.911181608
ES,2006,4,0.827685967
ES,2007,1,-0.810280241
ES,2007,2,0.094202167
ES,2007,3,1.178964947
ES,2007,4,-0.098416481
ES,2008,1,-0.278439157
ES,2008,2,-0.050550749
ES,2008,3,-0.258080766
ES,2008,4,-0.239380018
ES,2009,1,0.619634783
ES,2009,2,0.049102011
ES,2009,3,0.43198495
ES,2009,4,0.120296115
ES,2010,1,0.115104879
ES,2010,2,0.364054358
ES,2010,3,-0.174656517
ES,2010,4,-0.138745253
ES,2011,1,0.620786099
ES,2011,2,-0.299498968
ES,2011,3,0.112654079
ES,2011,4,0.516531874
ES,2012,1,-0.228750967
ES,2012,2,0.067123921
ES,2012,3,0.175985129
ES,2012,4,0.080486116
ES,2013,1,1.019865044
ES,2013,2,0.411077869
ES,2013,3,0.343043463
ES,2013,4,0.469705838
ES,2014,1,0.374434307
ES,2014,2,-0.009285043
ES,2014,3,0.601743804
ES,2014,4,0.23982223
ES,2015,1,-0.157465053
ES,2015,2,0.882281449
ES,2015,3,-0.606052102
ES,2015,4,0.39412815
ES,2016,1,-0.351510098
ES,2016,2,0.60629487
ES,2016,3,1.73253369
ES,2016,4,0.233164587
ES,2017,1,1.812718325
ES,2017,2,1.237408501
ES,2017,3,0.660119684
ES,2017,4,0.636513751
ES,2018,1,1.420943671
ES,2018,2,0.435473447
ES,2018,3,0.058045362
ES,2018,4,0.842859729
ES,2019,1,0.533163393
ES,2019,2,0.435671332
ES,2019,3,-0.004604459
ES,2019,4,0.005114103
ES,2020,1,1.434645526
ES,2020,2,0.27228325
ES,2020,3,-0.16575806
ES,2020,4,0.453209864
ES,2021,1,-0.244169326
ES,2021,2,0.641605974
ES,2021,3,0.17798246
ES,2021,4,0.24079401
MB,1981,1,0.166976589
MB,1981,2,-0.359785048
MB,1981,3,0.148925341
MB,1981,4,-0.122918866
MB,1982,1,0.135946338
MB,1982,2,-0.068615147
MB,1982,3,-0.218369704
MB,1982,4,0.108949811
MB,1983,1,0.135608147
MB,1983,2,0.965473468
MB,1983,3,0.17023301
MB,1983,4,-0.299892117
MB,1984,1,0.14693828
MB,1984,2,-0.223159822
MB,1984,3,-0.171002144
MB,1984,4,-0.397614275
MB,1985,1,-0.499491446
MB,1985,2,0.322172306
MB,1985,3,0.001931348
MB,1985,4,-0.347870837
MB,1986,1,-0.416499145
MB,1986,2,0.249466145
MB,1986,3,0.112637351
MB,1986,4,-0.323618307
MB,1987,1,-0.35814828
MB,1987,2,-0.109288938
MB,1987,3,0.153700836
MB,1987,4,0.358953971
MB,1988,1,-0.241028078
MB,1988,2,0.355507309
MB,1988,3,0.226736424
MB,1988,4,0.08157715
MB,1989,1,-0.222236596
MB,1989,2,0.801490997
MB,1989,3,-0.4268076
MB,1989,4,-0.493439709
MB,1990,1,-0.361034279
MB,1990,2,0.200380298
MB,1990,3,-0.157022945
MB,1990,4,-0.377501083
MB,1991,1,-0.069513588
MB,1991,2,-0.389584611
MB,1991,3,0.335471828
MB,1991,4,-0.427605095
MB,1992,1,-0.462864475
MB,1992,2,0.006372825
MB,1992,3,-0.289726212
MB,1992,4,-0.032614222
MB,1993,1,0.326692215
MB,1993,2,-0.381821399
MB,1993,3,0.370526016
MB,1993,4,0.372696657
MB,1994,1,-0.342349727
MB,1994,2,-0.237503251
MB,1994,3,0.240484755
MB,1994,4,-0.365749234
MB,1995,1,0.215357143
MB,1995,2,-0.090657318
MB,1995,3,1.266843836
MB,1995,4,-0.203033619
MB,1996,1,-0.452923427
MB,1996,2,-0.355224194
MB,1996,3,-0.330300823
MB,1996,4,-0.019730042
MB,1997,1,0.059168135
MB,1997,2,-0.304863978
MB,1997,3,-0.314049982
MB,1997,4,0.5325255
MB,1998,1,-0.257805665
MB,1998,2,0.247134124
MB,1998,3,-0.038934798
MB,1998,4,0.176215777
MB,1999,1,-0.039979016
MB,1999,2,-0.242717214
MB,1999,3,-0.199299018
MB,1999,4,0.166861674
MB,2000,1,0.405172603
MB,2000,2,0.026295863
MB,2000,3,-0.537900959
MB,2000,4,-0.132462267
MB,2001,1,0.333199509
MB,2001,2,-0.401499418
MB,2001,3,0.159135631
MB,2001,4,-0.123228717
MB,2002,1,-0.447879044
MB,2002,2,-0.28628481
MB,2002,3,-0.126928821
MB,2002,4,-0.295014423
MB,2003,1,0.365116241
MB,2003,2,-0.25962893
MB,2003,3,0.12767632
MB,2003,4,-0.360467279
MB,2004,1,0.054863447
MB,2004,2,0.038880664
MB,2004,3,-0.361036683
MB,2004,4,0.024268895
MB,2005,1,0.134175564
MB,2005,2,0.113728217
MB,2005,3,0.925823212
MB,2005,4,0.063078858
MB,2006,1,0.147339566
MB,2006,2,-0.273202317
MB,2006,3,-0.310173015
MB,2006,4,0.289216992
MB,2007,1,0.433884137
MB,2007,2,0.405974018
MB,2007,3,-0.013919731
MB,2007,4,-0.030736607
MB,2008,1,-0.039984514
MB,2008,2,0.235006826
MB,2008,3,-0.378762114
MB,2008,4,0.10788234
MB,2009,1,0.700862511
MB,2009,2,-0.099869582
MB,2009,3,0.027003815
MB,2009,4,1.30188416
MB,2010,1,0.528767956
MB,2010,2,0.185421121
MB,2010,3,-0.357933711
MB,2010,4,0.829620155
MB,2011,1,1.852976979
MB,2011,2,-0.155517298
MB,2011,3,0.55121252
MB,2011,4,-0.015499358
MB,2012,1,0.312047804
MB,2012,2,0.181744683
MB,2012,3,-0.430120474
MB,2012,4,0.045412363
MB,2013,1,0.237842921
MB,2013,2,0.163647706
MB,2013,3,0.906053225
MB,2013,4,0.454324856
MB,2014,1,1.510924424
MB,2014,2,0.539683733
MB,2014,3,-0.330969708
MB,2014,4,-0.054672209
MB,2015,1,-0.137394469
MB,2015,2,-0.386833127
MB,2015,3,-0.152913862
MB,2015,4,0.616585597
MB,2016,1,0.385608399
MB,2016,2,0.681226828
MB,2016,3,0.297372498
MB,2016,4,0.638823155
MB,2017,1,0.452304633
MB,2017,2,0.226515744
MB,2017,3,-0.275631962
MB,2017,4,0.329793256
MB,2018,1,0.720713199
MB,2018,2,0.500907377
MB,2018,3,-0.249508417
MB,2018,4,-0.158464484
MB,2019,1,1.600852103
MB,2019,2,0.24932732
MB,2019,3,-0.103249012
MB,2019,4,0.09250394
MB,2020,1,1.389729145
MB,2020,2,0.368694225
MB,2020,3,-0.29855579
MB,2020,4,0.399472863
MB,2021,1,-0.038114658
MB,2021,2,-0.232162941
MB,2021,3,-0.255070195
MB,2021,4,0.366166203
MN,1981,1,-0.509717564
MN,1981,2,-0.062609902
MN,1981,3,-0.075303495
MN,1981,4,0.012897587
MN,1982,1,-0.168883778
MN,1982,2,-0.712572937
MN,1982,3,-0.652248677
MN,1982,4,-0.620127432
MN,1983,1,0.017886861
MN,1983,2,0.30989096
MN,1983,3,-0.342387004
MN,1983,4,-0.262986924
MN,1984,1,-0.202986311
MN,1984,2,-0.41519925
MN,1984,3,-0.055288953
MN,1984,4,0.007735303
MN,1985,1,-0.428748974
MN,1985,2,0.065567315
MN,1985,3,-0.456790971
MN,1985,4,-0.212157026
MN,1986,1,-0.495325026
MN,1986,2,-0.430122623
MN,1986,3,0.122811233
MN,1986,4,-0.177602485
MN,1987,1,-0.223238779
MN,1987,2,-0.456889887
MN,1987,3,-0.279827372
MN,1987,4,-0.276746525
MN,1988,1,0.487408558
MN,1988,2,0.664485926
MN,1988,3,0.579151582
MN,1988,4,0.512126295
MN,1989,1,-0.184963829
MN,1989,2,0.351128535
MN,1989,3,-0.399282061
MN,1989,4,0.072955432
MN,1990,1,-0.517208581
MN,1990,2,0.651713681
MN,1990,3,0.388889792
MN,1990,4,-0.321964579
MN,1991,1,0.532129366
MN,1991,2,-0.297379583
MN,1991,3,-0.265853135
MN,1991,4,-0.505855056
MN,1992,1,0.04901493
MN,1992,2,-0.195680779
MN,1992,3,0.103414549
MN,1992,4,0.035985975
MN,1993,1,-0.065065795
MN,1993,2,-0.221043618
MN,1993,3,-0.154738586
MN,1993,4,-0.309761266
MN,1994,1,0.096305711
MN,1994,2,-0.357567299
MN,1994,3,-0.665979288
MN,1994,4,-0.655644216
MN,1995,1,-0.47059237
MN,1995,2,-0.381167651
MN,1995,3,0.148639306
MN,1995,4,-0.011626826
MN,1996,1,-0.019592923
MN,1996,2,-0.262233491
MN,1996,3,0.052742619
MN,1996,4,-0.00667652
MN,1997,1,0.056312345
MN,1997,2,0.387161376
MN,1997,3,-0.312841402
MN,1997,4,-0.381742112
MN,1998,1,-0.036476349
MN,1998,2,0.211528565
MN,1998,3,0.061886276
MN,1998,4,1.044145478
MN,1999,1,-0.25011767
MN,1999,2,-0.212709231
MN,1999,3,-0.132295645
MN,1999,4,0.081584496
MN,2000,1,-0.230538871
MN,2000,2,0.018958967
MN,2000,3,-0.007315761
MN,2000,4,0.198274625
MN,2001,1,0.710963717
MN,2001,2,-0.069935714
MN,2001,3,-0.036758869
MN,2001,4,0.102500657
MN,2002,1,0.367137658
MN,2002,2,0.037285013
MN,2002,3,-0.29926843
MN,2002,4,0.20514742
MN,2003,1,-0.140175062
MN,2003,2,-0.029032598
MN,2003,3,-0.086678998
MN,2003,4,0.036176865
MN,2004,1,-0.240669349
MN,2004,2,-0.044667575
MN,2004,3,-0.242359265
MN,2004,4,-0.215672207
MN,2005,1,-0.0978419
MN,2005,2,0.260389258
MN,2005,3,0.570630305
MN,2005,4,0.204354382
MN,2006,1,0.269917583
MN,2006,2,0.666844312
MN,2006,3,0.088313733
MN,2006,4,0.036633703
MN,2007,1,-0.015472104
MN,2007,2,0.401253733
MN,2007,3,0.376535722
MN,2007,4,-0.033421661
MN,2008,1,0.073093336
MN,2008,2,-0.272262983
MN,2008,3,0.123573294
MN,2008,4,0.135332624
MN,2009,1,0.723224517
MN,2009,2,-0.186609408
MN,2009,3,0.425596045
MN,2009,4,-0.212230447
MN,2010,1,0.53755718
MN,2010,2,0.470749213
MN,2010,3,1.299319687
MN,2010,4,1.261569555
MN,2011,1,0.473492588
MN,2011,2,0.296141911
MN,2011,3,-0.281365976
MN,2011,4,0.255695825
MN,2012,1,0.002709956
MN,2012,2,0.212772107
MN,2012,3,0.097088695
MN,2012,4,0.083709631
MN,2013,1,0.425920551
MN,2013,2,-0.049767973
MN,2013,3,0.371107529
MN,2013,4,0.175134049
MN,2014,1,0.788422229
MN,2014,2,-0.144578381
MN,2014,3,0.232907604
MN,2014,4,-0.150419204
MN,2015,1,0.523095879
MN,2015,2,0.277357858
MN,2015,3,-0.030108237
MN,2015,4,-0.012634977
MN,2016,1,0.545832426
MN,2016,2,1.279156744
MN,2016,3,0.987173965
MN,2016,4,0.710650643
MN,2017,1,0.093573865
MN,2017,2,0.17477632
MN,2017,3,0.301826425
MN,2017,4,0.434985569
MN,2018,1,0.571606461
MN,2018,2,-0.117344825
MN,2018,3,0.169324558
MN,2018,4,0.411775739
MN,2019,1,1.204435381
MN,2019,2,0.439745326
MN,2019,3,0.043209615
MN,2019,4,0.347170291
MN,2020,1,1.340564252
MN,2020,2,0.606627172
MN,2020,3,0.119300257
MN,2020,4,0.814329876
MN,2021,1,0.210395098
MN,2021,2,-0.003942042
MN,2021,3,0.541357535
MN,2021,4,0.680148319
RN,1981,1,-0.070578788
RN,1981,2,-0.005722813
RN,1981,3,0.341069135
RN,1981,4,-0.316317196
RN,1982,1,0.094092326
RN,1982,2,-0.288067676
RN,1982,3,-0.484585265
RN,1982,4,-0.169205266
RN,1983,1,-0.126618802
RN,1983,2,0.625099038
RN,1983,3,-0.22853678
RN,1983,4,-0.178984158
RN,1984,1,-0.179590718
RN,1984,2,-0.251408265
RN,1984,3,0.170461069
RN,1984,4,-0.262759091
RN,1985,1,-0.171664104
RN,1985,2,0.104813206
RN,1985,3,-0.166726991
RN,1985,4,0.072204722
RN,1986,1,-0.300397447
RN,1986,2,-0.099852021
RN,1986,3,0.053844667
RN,1986,4,-0.674249535
RN,1987,1,0.003122985
RN,1987,2,0.12593196
RN,1987,3,-0.207740804
RN,1987,4,-0.337763858
RN,1988,1,-0.307845342
RN,1988,2,0.362351384
RN,1988,3,-0.148538844
RN,1988,4,0.224038158
RN,1989,1,-0.809597813
RN,1989,2,0.264170245
RN,1989,3,-0.815587086
RN,1989,4,0.069233334
RN,1990,1,0.010845513
RN,1990,2,0.817543672
RN,1990,3,-0.06233368
RN,1990,4,0.090581657
RN,1991,1,0.673591083
RN,1991,2,-0.782796172
RN,1991,3,-0.096241892
RN,1991,4,-0.72713805
RN,1992,1,-0.426893596
RN,1992,2,-0.456253284
RN,1992,3,-0.547101981
RN,1992,4,-0.379863351
RN,1993,1,-0.50456957
RN,1993,2,-0.431618571
RN,1993,3,-0.062861631
RN,1993,4,-0.344347797
RN,1994,1,-0.02053206
RN,1994,2,-0.58671065
RN,1994,3,-0.604134356
RN,1994,4,-1.109247056
RN,1995,1,0.064589675
RN,1995,2,-0.367562206
RN,1995,3,-0.172003232
RN,1995,4,0.139523375
RN,1996,1,-0.369077903
RN,1996,2,-0.184176777
RN,1996,3,0.632835757
RN,1996,4,0.171103118
RN,1997,1,0.33992
RN,1997,2,-0.600589313
RN,1997,3,-0.008405675
RN,1997,4,-0.401225748
RN,1998,1,-0.063901696
RN,1998,2,-0.196344765
RN,1998,3,-0.222813606
RN,1998,4,0.1828504
RN,1999,1,-0.368135503
RN,1999,2,0.633777784
RN,1999,3,-0.011718641
RN,1999,4,0.617317769
RN,2000,1,-0.484946769
RN,2000,2,-0.504770955
RN,2000,3,0.032275153
RN,2000,4,0.625290415
RN,2001,1,0.099591136
RN,2001,2,-0.206496317
RN,2001,3,0.285418839
RN,2001,4,-0.223037947
RN,2002,1,0.009807327
RN,2002,2,0.57917729
RN,2002,3,-0.005308916
RN,2002,4,0.138180841
RN,2003,1,0.073500005
RN,2003,2,0.081802058
RN,2003,3,0.388387391
RN,2003,4,0.351995482
RN,2004,1,0.576932783
RN,2004,2,0.285774553
RN,2004,3,0.055565792
RN,2004,4,0.270751982
RN,2005,1,-0.073042343
RN,2005,2,0.658779173
RN,2005,3,0.436382743
RN,2005,4,0.066895466
RN,2006,1,0.515611316
RN,2006,2,0.043954295
RN,2006,3,0.182542858
RN,2006,4,0.321140027
RN,2007,1,0.222537329
RN,2007,2,0.068243773
RN,2007,3,-0.105829759
RN,2007,4,0.190217944
RN,2008,1,0.158708898
RN,2008,2,-0.116598474
RN,2008,3,0.414864509
RN,2008,4,0.464735994
RN,2009,1,0.887350915
RN,2009,2,0.104286661
RN,2009,3,0.636927261
RN,2009,4,0.506368022
RN,2010,1,0.368494642
RN,2010,2,0.377975131
RN,2010,3,0.218648546
RN,2010,4,0.407390075
RN,2011,1,0.539739754
RN,2011,2,0.007968699
RN,2011,3,0.19362764
RN,2011,4,0.555377019
RN,2012,1,-0.520643818
RN,2012,2,-0.143085965
RN,2012,3,0.698154567
RN,2012,4,0.202164136
RN,2013,1,0.923077029
RN,2013,2,0.289048411
RN,2013,3,0.250106568
RN,2013,4,0.888646665
RN,2014,1,0.567513624
RN,2014,2,0.458387318
RN,2014,3,0.037586203
RN,2014,4,0.653278277
RN,2015,1,0.605831326
RN,2015,2,1.012142684
RN,2015,3,0.221642712
RN,2015,4,0.591282677
RN,2016,1,-0.081068505
RN,2016,2,0.969312802
RN,2016,3,0.694798314
RN,2016,4,0.517177903
RN,2017,1,0.232974649
RN,2017,2,1.122317754
RN,2017,3,0.581054646
RN,2017,4,0.491669033
RN,2018,1,1.273687331
RN,2018,2,0.758680539
RN,2018,3,0.255097015
RN,2018,4,-0.058692611
RN,2019,1,1.901769205
RN,2019,2,1.638452333
RN,2019,3,0.616291258
RN,2019,4,0.318656881
RN,2020,1,1.425303572
RN,2020,2,0.549089818
RN,2020,3,0.423103505
RN,2020,4,1.226121266
RN,2021,1,0.79116923
RN,2021,2,1.045413211
RN,2021,3,0.75412507
RN,2021,4,0.851268968
RS,1981,1,-0.092528563
RS,1981,2,-0.118184998
RS,1981,3,-0.360462567
RS,1981,4,0.126657931
RS,1982,1,0.025657184
RS,1982,2,-0.298318171
RS,1982,3,-0.261958603
RS,1982,4,-0.089905467
RS,1983,1,-0.208137806
RS,1983,2,-0.30452863
RS,1983,3,-0.052005173
RS,1983,4,-0.095575567
RS,1984,1,0.090877785
RS,1984,2,-0.008199118
RS,1984,3,-0.309289145
RS,1984,4,0.272717935
RS,1985,1,-0.109502708
RS,1985,2,0.052299144
RS,1985,3,0.135363615
RS,1985,4,-0.316099102
RS,1986,1,-0.435494361
RS,1986,2,0.136108454
RS,1986,3,-0.078303494
RS,1986,4,-0.255482945
RS,1987,1,-0.012238621
RS,1987,2,-0.01614733
RS,1987,3,-0.037773422
RS,1987,4,-0.13426079
RS,1988,1,-0.374784147
RS,1988,2,0.020936812
RS,1988,3,0.038374521
RS,1988,4,0.076391511
RS,1989,1,-0.119897012
RS,1989,2,0.557025183
RS,1989,3,-0.235907327
RS,1989,4,-0.397686895
RS,1990,1,-0.274050694
RS,1990,2,0.596358962
RS,1990,3,-0.375630257
RS,1990,4,-0.257940169
RS,1991,1,-0.08197325
RS,1991,2,-0.210008358
RS,1991,3,0.416967218
RS,1991,4,-0.421172273
RS,1992,1,-0.258731871
RS,1992,2,0.215769798
RS,1992,3,-0.001504441
RS,1992,4,-0.019923624
RS,1993,1,0.394027197
RS,1993,2,-0.355649506
RS,1993,3,0.035206364
RS,1993,4,-0.007728176
RS,1994,1,-0.093290606
RS,1994,2,-0.107110241
RS,1994,3,0.312971723
RS,1994,4,-0.257367937
RS,1995,1,0.306227309
RS,1995,2,-0.205172808
RS,1995,3,0.535424523
RS,1995,4,0.206832477
RS,1996,1,0.088882948
RS,1996,2,-0.219679849
RS,1996,3,0.227640143
RS,1996,4,0.06296282
RS,1997,1,0.483567804
RS,1997,2,-0.195709663
RS,1997,3,-0.226632042
RS,1997,4,0.114534296
RS,1998,1,-0.055252121
RS,1998,2,0.206759822
RS,1998,3,0.324843531
RS,1998,4,0.2611469
RS,1999,1,-0.17952087
RS,1999,2,0.374476383
RS,1999,3,-0.266963588
RS,1999,4,-0.070120966
RS,2000,1,0.0004001
RS,2000,2,0.238061278
RS,2000,3,-0.41516904
RS,2000,4,-0.056253272
RS,2001,1,0.23157576
RS,2001,2,-0.312591011
RS,2001,3,0.487176421
RS,2001,4,-0.172522709
RS,2002,1,-0.518629009
RS,2002,2,0.193307652
RS,2002,3,0.001490866
RS,2002,4,-0.282477435
RS,2003,1,0.069811653
RS,2003,2,-0.363960128
RS,2003,3,0.168891657
RS,2003,4,0.06720643
RS,2004,1,0.488550214
RS,2004,2,-0.189287519
RS,2004,3,-0.112308178
RS,2004,4,0.30017824
RS,2005,1,-0.151992632
RS,2005,2,0.927683502
RS,2005,3,0.382981603
RS,2005,4,-0.099740394
RS,2006,1,0.324071448
RS,2006,2,-0.210690158
RS,2006,3,0.110561521
RS,2006,4,0.333157661
RS,2007,1,0.231680112
RS,2007,2,0.038248162
RS,2007,3,-0.130040111
RS,2007,4,-0.254789193
RS,2008,1,0.024948354
RS,2008,2,0.007089852
RS,2008,3,-0.199449767
RS,2008,4,0.218884995
RS,2009,1,0.144377057
RS,2009,2,-0.388047983
RS,2009,3,0.136991369
RS,2009,4,0.814440491
RS,2010,1,0.034169181
RS,2010,2,-0.112297479
RS,2010,3,-0.24066384
RS,2010,4,0.374967054
RS,2011,1,1.296307375
RS,2011,2,-0.189077075
RS,2011,3,0.164859974
RS,2011,4,-0.03677666
RS,2012,1,-0.1652472
RS,2012,2,-0.087530476
RS,2012,3,-0.169808993
RS,2012,4,0.33666519
RS,2013,1,0.226495266
RS,2013,2,0.54652861
RS,2013,3,0.28105113
RS,2013,4,0.678590665
RS,2014,1,0.4921314
RS,2014,2,0.448424468
RS,2014,3,0.19306553
RS,2014,4,0.528129809
RS,2015,1,0.162594216
RS,2015,2,-0.22747387
RS,2015,3,0.493874735
RS,2015,4,0.946266314
RS,2016,1,-0.183166008
RS,2016,2,-0.12238205
RS,2016,3,0.230294077
RS,2016,4,0.232403539
RS,2017,1,0.121668853
RS,2017,2,-0.043826615
RS,2017,3,0.318182206
RS,2017,4,0.01902248
RS,2018,1,0.460849697
RS,2018,2,0.294492839
RS,2018,3,0.069674485
RS,2018,4,-0.167307796
RS,2019,1,1.137265925
RS,2019,2,0.741912214
RS,2019,3,0.144416252
RS,2019,4,1.456966199
RS,2020,1,1.18319781
RS,2020,2,-0.18279112
RS,2020,3,0.418559254
RS,2020,4,1.344093775
RS,2021,1,0.039117113
RS,2021,2,-0.195562649
RS,2021,3,-0.165978397
RS,2021,4,0.154723652
SE,1981,1,-0.243998728
SE,1981,2,0.215550364
SE,1981,3,0.167202717
SE,1981,4,-0.168773602
SE,1982,1,0.08938817
SE,1982,2,-0.466968647
SE,1982,3,-0.654071689
SE,1982,4,-0.776519577
SE,1983,1,-0.4131496
SE,1983,2,0.805880855
SE,1983,3,-0.245448846
SE,1983,4,-0.073073543
SE,1984,1,-0.274068521
SE,1984,2,-0.412927534
SE,1984,3,-0.323615509
SE,1984,4,-0.630503245
SE,1985,1,-0.162684491
SE,1985,2,0.194423997
SE,1985,3,0.356382207
SE,1985,4,-0.882999963
SE,1986,1,-0.534292612
SE,1986,2,0.376328874
SE,1986,3,-0.324924129
SE,1986,4,-0.256085875
SE,1987,1,-0.396061321
SE,1987,2,0.480123907
SE,1987,3,-0.293380058
SE,1987,4,0.345479072
SE,1988,1,-0.135611905
SE,1988,2,0.084073587
SE,1988,3,-0.692983511
SE,1988,4,0.182581198
SE,1989,1,0.839111659
SE,1989,2,0.635998278
SE,1989,3,-0.533231621
SE,1989,4,-0.498900606
SE,1990,1,-0.536755697
SE,1990,2,-0.037896423
SE,1990,3,0.140802839
SE,1990,4,-0.108329099
SE,1991,1,-0.013921371
SE,1991,2,-0.27561128
SE,1991,3,0.987970742
SE,1991,4,0.005594087
SE,1992,1,-0.538169371
SE,1992,2,-0.190954742
SE,1992,3,0.425195578
SE,1992,4,0.174555285
SE,1993,1,0.949002668
SE,1993,2,-0.607613899
SE,1993,3,-0.036271971
SE,1993,4,0.103606219
SE,1994,1,-0.347354232
SE,1994,2,0.471764294
SE,1994,3,1.081871269
SE,1994,4,0.614766482
SE,1995,1,-0.279848505
SE,1995,2,-0.135229864
SE,1995,3,0.657984299
SE,1995,4,-0.724263079
SE,1996,1,-0.292003637
SE,1996,2,-0.709761773
SE,1996,3,0.169649336
SE,1996,4,-0.138289129
SE,1997,1,0.208736124
SE,1997,2,-0.668285136
SE,1997,3,-0.639031544
SE,1997,4,0.379426195
SE,1998,1,-0.622627506
SE,1998,2,0.110185586
SE,1998,3,-0.38545126
SE,1998,4,-0.221131771
SE,1999,1,0.090237574
SE,1999,2,-0.049126107
SE,1999,3,-0.300810538
SE,1999,4,0.140537553
SE,2000,1,0.625693432
SE,2000,2,-0.430862945
SE,2000,3,-0.018620163
SE,2000,4,0.016946123
SE,2001,1,0.537142821
SE,2001,2,-0.325630633
SE,2001,3,0.457025719
SE,2001,4,0.14249654
SE,2002,1,-0.129773852
SE,2002,2,-0.477421582
SE,2002,3,0.153026737
SE,2002,4,0.182991454
SE,2003,1,0.253559211
SE,2003,2,0.261876846
SE,2003,3,-0.191579986
SE,2003,4,-0.489064013
SE,2004,1,-0.140540672
SE,2004,2,-0.384250349
SE,2004,3,0.039148488
SE,2004,4,0.043849466
SE,2005,1,-0.016777605
SE,2005,2,0.53684763
SE,2005,3,1.028230537
SE,2005,4,0.39569223
SE,2006,1,0.529265745
SE,2006,2,-0.24262245
SE,2006,3,-0.810802889
SE,2006,4,0.315600804
SE,2007,1,0.899894137
SE,2007,2,0.854904744
SE,2007,3,-0.061035896
SE,2007,4,0.443948307
SE,2008,1,-0.140016335
SE,2008,2,0.033709494
SE,2008,3,0.257783683
SE,2008,4,0.059318475
SE,2009,1,0.654844343
SE,2009,2,0.682976323
SE,2009,3,0.039589999
SE,2009,4,1.051237141
SE,2010,1,-0.452586393
SE,2010,2,-0.298844015
SE,2010,3,-0.400328127
SE,2010,4,0.355626779
SE,2011,1,1.002658751
SE,2011,2,-0.003345765
SE,2011,3,0.224840368
SE,2011,4,0.825844768
SE,2012,1,0.002701906
SE,2012,2,-0.038891254
SE,2012,3,-0.208791939
SE,2012,4,-0.205196626
SE,2013,1,0.232862774
SE,2013,2,0.787239771
SE,2013,3,0.368725057
SE,2013,4,0.607400447
SE,2014,1,1.819113737
SE,2014,2,0.527695502
SE,2014,3,-0.232072648
SE,2014,4,0.394167049
SE,2015,1,0.254276688
SE,2015,2,0.392891124
SE,2015,3,-1.101698631
SE,2015,4,0.179901655
SE,2016,1,0.051850662
SE,2016,2,0.521524775
SE,2016,3,0.749217256
SE,2016,4,1.444064686
SE,2017,1,1.242912445
SE,2017,2,-0.335722353
SE,2017,3,0.211384108
SE,2017,4,-0.163972498
SE,2018,1,0.597493556
SE,2018,2,0.457330283
SE,2018,3,-0.334739725
SE,2018,4,-0.294242773
SE,2019,1,0.044087422
SE,2019,2,0.304728525
SE,2019,3,0.199985294
SE,2019,4,0.688637973
SE,2020,1,1.492651938
SE,2020,2,-0.226539199
SE,2020,3,-0.498749506
SE,2020,4,0.645565355
SE,2021,1,0.135706898
SE,2021,2,0.167184682
SE,2021,3,0.219093927
SE,2021,4,-0.183444157
ST,1981,1,0.175669534
ST,1981,2,0.065844628
ST,1981,3,0.281655087
ST,1981,4,-0.289827229
ST,1982,1,0.349570578
ST,1982,2,-0.159660238
ST,1982,3,-0.054044453
ST,1982,4,-0.311142004
ST,1983,1,0.182371347
ST,1983,2,0.212065547
ST,1983,3,0.100963459
ST,1983,4,-0.111987643
ST,1984,1,-0.457938858
ST,1984,2,-0.282950794
ST,1984,3,-0.060983455
ST,1984,4,0.038501428
ST,1985,1,-0.603780354
ST,1985,2,0.772128509
ST,1985,3,-0.152603626
ST,1985,4,-0.204739701
ST,1986,1,0.320777518
ST,1986,2,0.343248487
ST,1986,3,-0.808366796
ST,1986,4,-0.275623152
ST,1987,1,-0.420700925
ST,1987,2,0.186388056
ST,1987,3,-0.107458862
ST,1987,4,0.517673379
ST,1988,1,-0.428425418
ST,1988,2,-0.542064777
ST,1988,3,0.315847044
ST,1988,4,0.640063192
ST,1989,1,-0.208585586
ST,1989,2,0.562985861
ST,1989,3,-0.771512316
ST,1989,4,-0.095525811
ST,1990,1,-0.235145199
ST,1990,2,0.000661022
ST,1990,3,-0.296788305
ST,1990,4,-0.369980527
ST,1991,1,0.235510777
ST,1991,2,-0.222375294
ST,1991,3,0.297045673
ST,1991,4,-0.200696716
ST,1992,1,-0.223622106
ST,1992,2,0.012674193
ST,1992,3,0.031621417
ST,1992,4,0.013703599
ST,1993,1,-0.444452095
ST,1993,2,-0.433875321
ST,1993,3,-0.027644343
ST,1993,4,-0.210948886
ST,1994,1,0.841230878
ST,1994,2,0.955141143
ST,1994,3,-0.098260942
ST,1994,4,0.592348121
ST,1995,1,0.677602376
ST,1995,2,-0.205073613
ST,1995,3,-0.040802861
ST,1995,4,-0.215761499
ST,1996,1,0.693589964
ST,1996,2,-0.259307676
ST,1996,3,0.24752383
ST,1996,4,0.006910511
ST,1997,1,-0.132533733
ST,1997,2,-0.031439126
ST,1997,3,-0.494641456
ST,1997,4,-0.245251214
ST,1998,1,-0.608367747
ST,1998,2,-0.118958029
ST,1998,3,-0.627234757
ST,1998,4,0.128351719
ST,1999,1,0.349581165
ST,1999,2,0.198608959
ST,1999,3,-0.143861801
ST,1999,4,0.266054334
ST,2000,1,0.262466112
ST,2000,2,0.061682244
ST,2000,3,0.146065577
ST,2000,4,-0.162042548
ST,2001,1,0.193914773
ST,2001,2,-0.414481414
ST,2001,3,0.294303363
ST,2001,4,-0.191005248
ST,2002,1,-0.23664063
ST,2002,2,-0.438194375
ST,2002,3,0.13953483
ST,2002,4,0.263629203
ST,2003,1,-0.092852567
ST,2003,2,0.686420012
ST,2003,3,0.446657097
ST,2003,4,-0.09900899
ST,2004,1,0.040790683
ST,2004,2,-0.678236176
ST,2004,3,-0.065247537
ST,2004,4,-0.377322977
ST,2005,1,-0.035634934
ST,2005,2,-0.183778521
ST,2005,3,0.514162222
ST,2005,4,0.759257532
ST,2006,1,-0.104567977
ST,2006,2,-0.31751664
ST,2006,3,-0.621950694
ST,2006,4,-0.423322786
ST,2007,1,-0.201774594
ST,2007,2,0.248356337
ST,2007,3,0.202749284
ST,2007,4,0.30323728
ST,2008,1,-0.142925808
ST,2008,2,0.258993657
ST,2008,3,0.120156589
ST,2008,4,-0.122743048
ST,2009,1,-0.101847195
ST,2009,2,-0.07065456
ST,2009,3,1.1128812
ST,2009,4,0.188701065
ST,2010,1,0.230032739
ST,2010,2,-0.073572991
ST,2010,3,0.115362636
ST,2010,4,-0.003884564
ST,2011,1,0.482390738
ST,2011,2,0.68565753
ST,2011,3,0.823176497
ST,2011,4,0.317585531
ST,2012,1,0.359356892
ST,2012,2,0.399954599
ST,2012,3,-0.403375731
ST,2012,4,-0.060080791
ST,2013,1,0.253947118
ST,2013,2,1.195710871
ST,2013,3,0.726035735
ST,2013,4,0.766494986
ST,2014,1,0.334330591
ST,2014,2,-0.005594537
ST,2014,3,0.49279003
ST,2014,4,-0.019960882
ST,2015,1,0.350654243
ST,2015,2,0.020464652
ST,2015,3,-0.402054218
ST,2015,4,0.5610406
ST,2016,1,0.635937036
ST,2016,2,1.054783758
ST,2016,3,0.878645701
ST,2016,4,0.845621663
ST,2017,1,0.188092361
ST,2017,2,0.438517454
ST,2017,3,-0.276070819
ST,2017,4,0.333952852
ST,2018,1,1.219218566
ST,2018,2,-0.086787213
ST,2018,3,0.37501647
ST,2018,4,0.012138343
ST,2019,1,0.200913085
ST,2019,2,0.633520918
ST,2019,3,0.061875502
ST,2019,4,0.240974375
ST,2020,1,-0.099859932
ST,2020,2,0.457163781
ST,2020,3,-0.016560805
ST,2020,4,1.21200978
ST,2021,1,-0.11823277
ST,2021,2,0.145884385
ST,2021,3,0.398534421
ST,2021,4,0.457684528
SV,1981,1,-0.549508104
SV,1981,2,0.219017338
SV,1981,3,-0.393283702
SV,1981,4,0.185340373
SV,1982,1,0.060765003
SV,1982,2,-0.089042468
SV,1982,3,-0.954322425
SV,1982,4,-0.397679861
SV,1983,1,-0.154007039
SV,1983,2,0.902094052
SV,1983,3,-0.151709066
SV,1983,4,0.151468297
SV,1984,1,-0.079161024
SV,1984,2,-0.221602053
SV,1984,3,-0.514861567
SV,1984,4,-0.348803669
SV,1985,1,-0.013380876
SV,1985,2,0.224217784
SV,1985,3,-0.013389897
SV,1985,4,0.046705836
SV,1986,1,-0.02342709
SV,1986,2,0.371363512
SV,1986,3,-0.243835839
SV,1986,4,-0.084864899
SV,1987,1,-0.099366486
SV,1987,2,0.026669022
SV,1987,3,-0.226525173
SV,1987,4,1.001654775
SV,1988,1,-0.3716917
SV,1988,2,0.225844161
SV,1988,3,-0.00113633
SV,1988,4,0.685908328
SV,1989,1,-0.54944574
SV,1989,2,-0.312853304
SV,1989,3,-0.343546318
SV,1989,4,-0.024271582
SV,1990,1,0.166064292
SV,1990,2,0.277540189
SV,1990,3,0.435759664
SV,1990,4,-0.274740752
SV,1991,1,0.454525554
SV,1991,2,-0.334146076
SV,1991,3,0.81489988
SV,1991,4,-0.424193628
SV,1992,1,-0.475003616
SV,1992,2,-0.630595695
SV,1992,3,0.18138982
SV,1992,4,-0.127309941
SV,1993,1,-0.2582389
SV,1993,2,-0.411253625
SV,1993,3,-0.488606657
SV,1993,4,-0.092351202
SV,1994,1,-0.149782048
SV,1994,2,0.630970043
SV,1994,3,-0.032834612
SV,1994,4,0.430701344
SV,1995,1,-0.384959195
SV,1995,2,-0.617767359
SV,1995,3,0.817076184
SV,1995,4,-0.314326399
SV,1996,1,-0.276310583
SV,1996,2,-0.857639548
SV,1996,3,-0.264335726
SV,1996,4,0.049075523
SV,1997,1,-0.544621354
SV,1997,2,-0.273032656
SV,1997,3,-0.628273979
SV,1997,4,-0.640514775
SV,1998,1,-0.1364779
SV,1998,2,0.050037282
SV,1998,3,0.253991395
SV,1998,4,-0.023159609
SV,1999,1,0.029477717
SV,1999,2,0.099560297
SV,1999,3,0.08144122
SV,1999,4,-0.083075244
SV,2000,1,0.391682997
SV,2000,2,0.085109123
SV,2000,3,-0.215866474
SV,2000,4,-0.408207992
SV,2001,1,0.269064367
SV,2001,2,0.155136783
SV,2001,3,0.507395438
SV,2001,4,-0.253360802
SV,2002,1,0.458551336
SV,2002,2,-0.179075239
SV,2002,3,0.203316125
SV,2002,4,-0.094004619
SV,2003,1,0.029198635
SV,2003,2,-0.139635079
SV,2003,3,0.382136457
SV,2003,4,0.119121084
SV,2004,1,-0.037604011
SV,2004,2,-0.143065957
SV,2004,3,0.040026237
SV,2004,4,0.392581444
SV,2005,1,0.382012089
SV,2005,2,0.18851171
SV,2005,3,0.243013734
SV,2005,4,-0.041701529
SV,2006,1,0.421599708
SV,2006,2,-0.260846431
SV,2006,3,-0.782970747
SV,2006,4,0.302094152
SV,2007,1,-0.119003742
SV,2007,2,0.570865546
SV,2007,3,0.500409688
SV,2007,4,0.42429217
SV,2008,1,-0.060197912
SV,2008,2,0.174326348
SV,2008,3,0.017326931
SV,2008,4,-0.106497447
SV,2009,1,0.728942414
SV,2009,2,0.022806284
SV,2009,3,0.25564077
SV,2009,4,0.351746241
SV,2010,1,0.348009114
SV,2010,2,0.431564968
SV,2010,3,-0.213249222
SV,2010,4,-0.3863471
SV,2011,1,0.992514638
SV,2011,2,0.037784975
SV,2011,3,0.650123425
SV,2011,4,0.425705356
SV,2012,1,0.020439144
SV,2012,2,0.455766671
SV,2012,3,0.12800234
SV,2012,4,0.033050355
SV,2013,1,0.44245377
SV,2013,2,0.54722933
SV,2013,3,0.651595707
SV,2013,4,0.292712856
SV,2014,1,0.559035406
SV,2014,2,0.592654004
SV,2014,3,0.905210133
SV,2014,4,-0.429939516
SV,2015,1,-0.136510566
SV,2015,2,0.061848336
SV,2015,3,-0.752763597
SV,2015,4,0.661783964
SV,2016,1,0.13659805
SV,2016,2,0.497532378
SV,2016,3,1.012912216
SV,2016,4,0.287193975
SV,2017,1,0.905367081
SV,2017,2,0.488943085
SV,2017,3,-0.022591854
SV,2017,4,0.304965419
SV,2018,1,1.135106853
SV,2018,2,0.290867867
SV,2018,3,0.201866773
SV,2018,4,0.110678492
SV,2019,1,0.451455147
SV,2019,2,0.554342685
SV,2019,3,0.066585279
SV,2019,4,0.189530012
SV,2020,1,0.60718582
SV,2020,2,0.496456813
SV,2020,3,0.031051648
SV,2020,4,0.491645255
SV,2021,1,-0.203253329
SV,2021,2,0.050309242
SV,2021,3,0.681207221
SV,2021,4,0.012366254
SW,1981,1,-0.199171952
SW,1981,2,-0.253344138
SW,1981,3,-0.261887776
SW,1981,4,0.374544233
SW,1982,1,0.250680525
SW,1982,2,-0.808285452
SW,1982,3,-0.493450616
SW,1982,4,0.192799933
SW,1983,1,-0.479964552
SW,1983,2,-0.43927786
SW,1983,3,0.852073588
SW,1983,4,0.898315286
SW,1984,1,-0.252481489
SW,1984,2,0.132207404
SW,1984,3,-0.533997453
SW,1984,4,-0.298611101
SW,1985,1,0.216385071
SW,1985,2,-0.218262422
SW,1985,3,0.345681544
SW,1985,4,-0.112137209
SW,1986,1,0.274856086
SW,1986,2,-0.116280634
SW,1986,3,-0.29987365
SW,1986,4,-0.589817623
SW,1987,1,-0.850753276
SW,1987,2,-0.326172092
SW,1987,3,-0.479330239
SW,1987,4,-0.367047159
SW,1988,1,-0.364942969
SW,1988,2,0.687811985
SW,1988,3,0.615284879
SW,1988,4,0.482793919
SW,1989,1,0.436606294
SW,1989,2,-0.045841711
SW,1989,3,-0.384775331
SW,1989,4,-0.318320684
SW,1990,1,0.380398893
SW,1990,2,-0.088172849
SW,1990,3,-0.134954191
SW,1990,4,-0.358590685
SW,1991,1,-0.066441755
SW,1991,2,-0.090788705
SW,1991,3,0.049406135
SW,1991,4,-0.407820447
SW,1992,1,-0.206722735
SW,1992,2,-0.469275116
SW,1992,3,0.216271673
SW,1992,4,-0.097560917
SW,1993,1,-0.265217868
SW,1993,2,-0.43889238
SW,1993,3,-0.971996258
SW,1993,4,-0.30103757
SW,1994,1,-0.313238064
SW,1994,2,0.307196703
SW,1994,3,-0.060014503
SW,1994,4,-0.729852352
SW,1995,1,-0.535740304
SW,1995,2,-0.196518338
SW,1995,3,0.082042671
SW,1995,4,0.092803175
SW,1996,1,0.08013644
SW,1996,2,0.212805002
SW,1996,3,0.301956938
SW,1996,4,0.273429466
SW,1997,1,0.670546065
SW,1997,2,-0.368044953
SW,1997,3,-0.359765975
SW,1997,4,-0.357456744
SW,1998,1,-0.684131998
SW,1998,2,0.443291343
SW,1998,3,0.575777915
SW,1998,4,-0.039140256
SW,1999,1,-0.234311855
SW,1999,2,0.93874176
SW,1999,3,-0.043535244
SW,1999,4,0.125809527
SW,2000,1,0.650636602
SW,2000,2,0.117069157
SW,2000,3,0.071843212
SW,2000,4,-0.038168959
SW,2001,1,0.30527824
SW,2001,2,-0.322960419
SW,2001,3,0.021031449
SW,2001,4,-0.099855971
SW,2002,1,-0.281331037
SW,2002,2,0.121487369
SW,2002,3,-0.033623142
SW,2002,4,-0.338059991
SW,2003,1,0.130300012
SW,2003,2,1.127363351
SW,2003,3,0.248895293
SW,2003,4,0.71039742
SW,2004,1,-0.048295118
SW,2004,2,0.153333037
SW,2004,3,-0.207638522
SW,2004,4,-0.087977892
SW,2005,1,-0.12733061
SW,2005,2,0.097496824
SW,2005,3,-0.001617626
SW,2005,4,-0.409576562
SW,2006,1,0.063405704
SW,2006,2,-0.350514647
SW,2006,3,0.365872188
SW,2006,4,0.084789546
SW,2007,1,0.500064761
SW,2007,2,-0.200210921
SW,2007,3,0.296733614
SW,2007,4,0.327640302
SW,2008,1,0.325528503
SW,2008,2,-0.03135917
SW,2008,3,0.001163045
SW,2008,4,0.687707743
SW,2009,1,0.115246063
SW,2009,2,0.323140215
SW,2009,3,0.320454751
SW,2009,4,0.284496884
SW,2010,1,0.477015964
SW,2010,2,0.085751601
SW,2010,3,-0.101780968
SW,2010,4,0.419104379
SW,2011,1,1.224121939
SW,2011,2,0.419855324
SW,2011,3,0.412246218
SW,2011,4,0.762410645
SW,2012,1,1.155675647
SW,2012,2,0.366869066
SW,2012,3,0.487556304
SW,2012,4,1.44391096
SW,2013,1,1.379075861
SW,2013,2,0.61308383
SW,2013,3,0.453170427
SW,2013,4,0.843405427
SW,2014,1,0.329261053
SW,2014,2,-0.314750473
SW,2014,3,0.729408875
SW,2014,4,1.080143369
SW,2015,1,-0.003997562
SW,2015,2,0.383948822
SW,2015,3,0.41380344
SW,2015,4,0.681854932
SW,2016,1,0.058026383
SW,2016,2,0.370416189
SW,2016,3,-0.515273221
SW,2016,4,-0.04776251
SW,2017,1,0.808405548
SW,2017,2,-0.435452493
SW,2017,3,0.23325659
SW,2017,4,0.134847544
SW,2018,1,0.945511981
SW,2018,2,0.092438327
SW,2018,3,0.097954748
SW,2018,4,-0.333665828
SW,2019,1,-0.204733299
SW,2019,2,-0.521196884
SW,2019,3,0.287598383
SW,2019,4,1.155648873
SW,2020,1,0.508040633
SW,2020,2,0.670119239
SW,2020,3,0.312511502
SW,2020,4,0.154555429
SW,2021,1,0.459177237
SW,2021,2,0.685770425
SW,2021,3,0.248251038
SW,2021,4,0.288115103
WT,1981,1,0.356653149
WT,1981,2,0.206904275
WT,1981,3,0.437450059
WT,1981,4,-0.244436945
WT,1982,1,-0.232622376
WT,1982,2,-0.236014815
WT,1982,3,-0.35258131
WT,1982,4,-0.511540196
WT,1983,1,-0.311048443
WT,1983,2,0.986334585
WT,1983,3,-0.380201799
WT,1983,4,-0.11542156
WT,1984,1,-0.367822865
WT,1984,2,-0.540984051
WT,1984,3,-0.403883117
WT,1984,4,-0.394999893
WT,1985,1,-0.075539893
WT,1985,2,-0.317195239
WT,1985,3,-0.469261655
WT,1985,4,0.207874243
WT,1986,1,-0.199456519
WT,1986,2,-0.370103397
WT,1986,3,-0.143098982
WT,1986,4,-0.287802433
WT,1987,1,-0.081042898
WT,1987,2,-0.271510068
WT,1987,3,0.1892384
WT,1987,4,-0.139871684
WT,1988,1,0.022963372
WT,1988,2,0.542250028
WT,1988,3,0.372618958
WT,1988,4,0.266835191
WT,1989,1,-0.385214812
WT,1989,2,0.331118085
WT,1989,3,-0.126745843
WT,1989,4,0.065585481
WT,1990,1,0.100073081
WT,1990,2,0.691815058
WT,1990,3,0.817835336
WT,1990,4,-0.400443159
WT,1991,1,0.950066498
WT,1991,2,-0.534548758
WT,1991,3,-0.334532824
WT,1991,4,-0.208678214
WT,1992,1,-0.016808297
WT,1992,2,-0.19913611
WT,1992,3,-0.232812024
WT,1992,4,0.131079042
WT,1993,1,-0.10130724
WT,1993,2,-0.253576171
WT,1993,3,-0.12831574
WT,1993,4,-0.436238559
WT,1994,1,0.437329601
WT,1994,2,-0.440063792
WT,1994,3,-0.209185121
WT,1994,4,-0.444177744
WT,1995,1,-0.319788087
WT,1995,2,0.017422918
WT,1995,3,0.459342488
WT,1995,4,-0.457562309
WT,1996,1,0.149903039
WT,1996,2,0.48544316
WT,1996,3,-0.089363631
WT,1996,4,0.680678539
WT,1997,1,-0.223057883
WT,1997,2,-0.136788128
WT,1997,3,-0.327111856
WT,1997,4,-0.058805986
WT,1998,1,0.267125611
WT,1998,2,1.045511696
WT,1998,3,0.500494372
WT,1998,4,0.715199359
WT,1999,1,-0.079859846
WT,1999,2,0.001490289
WT,1999,3,-0.279558574
WT,1999,4,0.007649779
WT,2000,1,-0.173982575
WT,2000,2,-0.092942255
WT,2000,3,-0.304237404
WT,2000,4,0.680078615
WT,2001,1,-0.237741454
WT,2001,2,-0.49100838
WT,2001,3,-0.431013351
WT,2001,4,-0.046213709
WT,2002,1,-0.036232735
WT,2002,2,-0.234004193
WT,2002,3,0.363190908
WT,2002,4,-0.171727283
WT,2003,1,-0.152592713
WT,2003,2,-0.226515112
WT,2003,3,-0.370250158
WT,2003,4,-0.127678357
WT,2004,1,-0.223378368
WT,2004,2,0.367514732
WT,2004,3,-0.427416759
WT,2004,4,-0.466710313
WT,2005,1,-0.09037077
WT,2005,2,-0.134770617
WT,2005,3,0.247444087
WT,2005,4,0.586030293
WT,2006,1,0.354214236
WT,2006,2,0.539905465
WT,2006,3,-0.018266421
WT,2006,4,-0.089346104
WT,2007,1,0.154745264
WT,2007,2,-0.23803541
WT,2007,3,-0.043590297
WT,2007,4,-0.110920302
WT,2008,1,0.330186763
WT,2008,2,-0.351961059
WT,2008,3,0.053642264
WT,2008,4,0.183889602
WT,2009,1,0.241625098
WT,2009,2,-0.26450347
WT,2009,3,-0.011797791
WT,2009,4,-0.160883416
WT,2010,1,-0.01334032
WT,2010,2,0.337132246
WT,2010,3,1.606147676
WT,2010,4,1.364524533
WT,2011,1,0.148716112
WT,2011,2,0.023283756
WT,2011,3,-0.171455924
WT,2011,4,0.596372673
WT,2012,1,-0.296497363
WT,2012,2,0.317623367
WT,2012,3,0.521686842
WT,2012,4,-0.496188999
WT,2013,1,0.583166766
WT,2013,2,-0.356039252
WT,2013,3,-0.296262106
WT,2013,4,0.177211967
WT,2014,1,-0.199915833
WT,2014,2,0.031007619
WT,2014,3,-0.168868637
WT,2014,4,-0.294528604
WT,2015,1,0.196213017
WT,2015,2,0.123200721
WT,2015,3,0.052123635
WT,2015,4,-0.408420638
WT,2016,1,0.918940956
WT,2016,2,2.386128047
WT,2016,3,1.705306285
WT,2016,4,-0.05494523
WT,2017,1,0.173589788
WT,2017,2,0.784024695
WT,2017,3,-0.078345168
WT,2017,4,0.545420423
WT,2018,1,-0.030170646
WT,2018,2,0.46288084
WT,2018,3,-0.064564463
WT,2018,4,0.913840217
WT,2019,1,1.849922472
WT,2019,2,-0.00049959
WT,2019,3,-0.471913974
WT,2019,4,-0.135312
WT,2020,1,0.678317194
WT,2020,2,0.416193559
WT,2020,3,0.026897474
WT,2020,4,-0.283731617
WT,2021,1,-0.117906471
WT,2021,2,0.319010673
WT,2021,3,0.96694735
WT,2021,4,1.393215853
