Region,Year,Quarter,AACI
AU,1981,1,-0.015615165
AU,1981,2,-0.055755314
AU,1981,3,-0.174203948
AU,1981,4,-0.201594158
AU,1982,1,0.182269155
AU,1982,2,-0.146847903
AU,1982,3,-0.635617457
AU,1982,4,-0.492797123
AU,1983,1,-0.103635131
AU,1983,2,-0.435732935
AU,1983,3,-0.251327021
AU,1983,4,-0.180106596
AU,1984,1,-0.203107888
AU,1984,2,-0.343091652
AU,1984,3,-0.551909247
AU,1984,4,-0.55475729
AU,1985,1,0.128348042
AU,1985,2,-0.19760148
AU,1985,3,-0.035117807
AU,1985,4,0.018588572
AU,1986,1,0.14210843
AU,1986,2,0.388937959
AU,1986,3,-0.678539487
AU,1986,4,-0.327479777
AU,1987,1,-0.400798748
AU,1987,2,-0.617236744
AU,1987,3,0.347510116
AU,1987,4,-0.058727908
AU,1988,1,-0.080861271
AU,1988,2,0.200762324
AU,1988,3,0.474393884
AU,1988,4,0.135386663
AU,1989,1,-0.035675097
AU,1989,2,0.131887187
AU,1989,3,-0.528443346
AU,1989,4,0.28917497
AU,1990,1,-0.154423891
AU,1990,2,-0.132238347
AU,1990,3,-0.305393943
AU,1990,4,0.331272001
AU,1991,1,0.224613444
AU,1991,2,0.197144138
AU,1991,3,0.353741773
AU,1991,4,0.183791977
AU,1992,1,-0.083717191
AU,1992,2,0.355491207
AU,1992,3,0.103961578
AU,1992,4,-0.611634093
AU,1993,1,-0.240196134
AU,1993,2,0.293554253
AU,1993,3,0.257109241
AU,1993,4,0.055638646
AU,1994,1,-0.350115457
AU,1994,2,-0.480225358
AU,1994,3,0.020579598
AU,1994,4,-0.374385927
AU,1995,1,0.177741334
AU,1995,2,-0.554587969
AU,1995,3,-0.332834397
AU,1995,4,-0.350240827
AU,1996,1,-0.81421294
AU,1996,2,0.017486506
AU,1996,3,0.127251879
AU,1996,4,-0.180162746
AU,1997,1,0.147450392
AU,1997,2,0.023038626
AU,1997,3,-0.307924919
AU,1997,4,0.303837084
AU,1998,1,0.374238996
AU,1998,2,0.326143283
AU,1998,3,-0.071446273
AU,1998,4,0.016141458
AU,1999,1,0.315780335
AU,1999,2,-0.152151904
AU,1999,3,0.508124455
AU,1999,4,0.202787366
AU,2000,1,-0.263628696
AU,2000,2,-0.31066149
AU,2000,3,-0.097518773
AU,2000,4,0.275457156
AU,2001,1,0.148508376
AU,2001,2,0.107157677
AU,2001,3,0.375449718
AU,2001,4,0.154994134
AU,2002,1,-0.015621987
AU,2002,2,0.492156461
AU,2002,3,0.094849507
AU,2002,4,0.424018431
AU,2003,1,0.199137568
AU,2003,2,0.215575426
AU,2003,3,0.341299722
AU,2003,4,-0.025361836
AU,2004,1,0.189708518
AU,2004,2,0.191061117
AU,2004,3,0.176846048
AU,2004,4,0.158807291
AU,2005,1,-0.091195025
AU,2005,2,0.226507931
AU,2005,3,0.191728799
AU,2005,4,0.339832427
AU,2006,1,0.180488383
AU,2006,2,-0.389061539
AU,2006,3,-0.007095138
AU,2006,4,-0.136184215
AU,2007,1,-0.132117225
AU,2007,2,0.332712677
AU,2007,3,-0.247447904
AU,2007,4,0.391632245
AU,2008,1,0.081367614
AU,2008,2,-0.243838663
AU,2008,3,0.114353195
AU,2008,4,0.17210101
AU,2009,1,0.113474623
AU,2009,2,0.174113805
AU,2009,3,0.522081528
AU,2009,4,0.332063299
AU,2010,1,0.32998268
AU,2010,2,0.380167414
AU,2010,3,0.162272917
AU,2010,4,-0.298256716
AU,2011,1,0.046431034
AU,2011,2,-0.28553097
AU,2011,3,-0.039941597
AU,2011,4,0.25438378
AU,2012,1,-0.125642456
AU,2012,2,-0.152116456
AU,2012,3,0.247531496
AU,2012,4,0.238011126
AU,2013,1,0.316377903
AU,2013,2,0.157416353
AU,2013,3,0.431720457
AU,2013,4,0.379691051
AU,2014,1,0.250702174
AU,2014,2,0.340128045
AU,2014,3,0.312285705
AU,2014,4,0.45453597
AU,2015,1,0.287620783
AU,2015,2,-0.007651167
AU,2015,3,0.312441895
AU,2015,4,0.50183729
AU,2016,1,0.289051925
AU,2016,2,0.506556798
AU,2016,3,0.161132793
AU,2016,4,0.096996325
AU,2017,1,0.221644969
AU,2017,2,0.422818543
AU,2017,3,0.297106837
AU,2017,4,0.389979177
AU,2018,1,0.144490632
AU,2018,2,0.524694048
AU,2018,3,0.223784772
AU,2018,4,0.285759082
AU,2019,1,0.455302401
AU,2019,2,0.108825911
AU,2019,3,0.249461183
AU,2019,4,0.166019893
AU,2020,1,0.321315019
AU,2020,2,-0.002562391
AU,2020,3,0.344384034
AU,2020,4,0.34243668
AU,2021,1,0.202544636
AU,2021,2,-0.060574772
AU,2021,3,0.296354582
AU,2021,4,-0.276935183
CS,1981,1,0.498382899
CS,1981,2,0.191586268
CS,1981,3,0.251098977
CS,1981,4,-0.007099296
CS,1982,1,0.524461297
CS,1982,2,-0.590782182
CS,1982,3,-0.17408939
CS,1982,4,0.064092313
CS,1983,1,0.156509312
CS,1983,2,-0.098395292
CS,1983,3,0.072357178
CS,1983,4,-0.880777051
CS,1984,1,-0.554305339
CS,1984,2,-0.344603879
CS,1984,3,-0.291611036
CS,1984,4,-1.354403436
CS,1985,1,0.497699093
CS,1985,2,0.098031385
CS,1985,3,-0.611390373
CS,1985,4,0.240224424
CS,1986,1,-0.302403739
CS,1986,2,0.316031614
CS,1986,3,-0.951374119
CS,1986,4,-1.213521064
CS,1987,1,-0.151030818
CS,1987,2,-0.579288683
CS,1987,3,0.257829404
CS,1987,4,-0.107268905
CS,1988,1,-0.631899528
CS,1988,2,-0.666826693
CS,1988,3,0.513866007
CS,1988,4,0.085414134
CS,1989,1,0.441333408
CS,1989,2,-0.017663633
CS,1989,3,-0.740435692
CS,1989,4,0.460158204
CS,1990,1,0.595352021
CS,1990,2,0.153623056
CS,1990,3,-0.132661974
CS,1990,4,0.369817568
CS,1991,1,0.64287289
CS,1991,2,0.484135816
CS,1991,3,0.319347689
CS,1991,4,0.067102979
CS,1992,1,-0.435800899
CS,1992,2,0.548786375
CS,1992,3,0.368078236
CS,1992,4,-0.62745734
CS,1993,1,-0.18511263
CS,1993,2,0.484750167
CS,1993,3,0.573414225
CS,1993,4,0.435057714
CS,1994,1,-1.350496298
CS,1994,2,-0.659337027
CS,1994,3,0.11284308
CS,1994,4,0.032303947
CS,1995,1,0.053474575
CS,1995,2,-0.332814078
CS,1995,3,-0.477705795
CS,1995,4,-0.211702331
CS,1996,1,-1.101881187
CS,1996,2,-0.677037145
CS,1996,3,-0.006227807
CS,1996,4,-0.435752552
CS,1997,1,0.311879142
CS,1997,2,0.475112213
CS,1997,3,-0.490809659
CS,1997,4,0.627050181
CS,1998,1,0.465933991
CS,1998,2,0.323076701
CS,1998,3,0.11197155
CS,1998,4,-0.147901979
CS,1999,1,0.030069469
CS,1999,2,-0.274761312
CS,1999,3,0.606981998
CS,1999,4,0.238258702
CS,2000,1,-0.446198917
CS,2000,2,-0.565408926
CS,2000,3,-0.080291069
CS,2000,4,0.293321964
CS,2001,1,0.201845608
CS,2001,2,0.483425371
CS,2001,3,0.300495281
CS,2001,4,0.226758438
CS,2002,1,0.244241772
CS,2002,2,0.548786375
CS,2002,3,-0.766479027
CS,2002,4,0.691342359
CS,2003,1,0.124787346
CS,2003,2,0.487959268
CS,2003,3,0.542857197
CS,2003,4,-0.249458116
CS,2004,1,0.291970286
CS,2004,2,0.332793218
CS,2004,3,0.555581765
CS,2004,4,0.280754568
CS,2005,1,-0.715895764
CS,2005,2,0.388812283
CS,2005,3,0.289145132
CS,2005,4,0.214916951
CS,2006,1,0.783366676
CS,2006,2,-0.661181659
CS,2006,3,0.081474916
CS,2006,4,-0.036981607
CS,2007,1,0.140767616
CS,2007,2,0.548786375
CS,2007,3,-0.819728067
CS,2007,4,0.563152981
CS,2008,1,-0.149825154
CS,2008,2,-0.936089749
CS,2008,3,0.434270193
CS,2008,4,0.044686572
CS,2009,1,0.164146736
CS,2009,2,0.433853365
CS,2009,3,0.468630734
CS,2009,4,0.571394313
CS,2010,1,-0.144243861
CS,2010,2,0.091386405
CS,2010,3,-0.182500865
CS,2010,4,-0.525733656
CS,2011,1,-0.346699278
CS,2011,2,-0.364098851
CS,2011,3,0.173808394
CS,2011,4,0.47777832
CS,2012,1,-1.200522137
CS,2012,2,0.350823384
CS,2012,3,0.287326477
CS,2012,4,0.286409341
CS,2013,1,0.66036233
CS,2013,2,-0.040329576
CS,2013,3,0.399555482
CS,2013,4,0.475125671
CS,2014,1,0.175850433
CS,2014,2,-0.430416805
CS,2014,3,0.607610095
CS,2014,4,0.619673162
CS,2015,1,0.41610798
CS,2015,2,-0.442430349
CS,2015,3,0.207248603
CS,2015,4,0.778363555
CS,2016,1,0.231971831
CS,2016,2,0.548786375
CS,2016,3,0.026509234
CS,2016,4,0.50815939
CS,2017,1,0.695829913
CS,2017,2,0.210161765
CS,2017,3,0.212169619
CS,2017,4,0.723119507
CS,2018,1,0.27244903
CS,2018,2,0.548786375
CS,2018,3,0.001121598
CS,2018,4,0.55902216
CS,2019,1,0.783366676
CS,2019,2,0.498004684
CS,2019,3,0.17548349
CS,2019,4,0.660859007
CS,2020,1,0.283479717
CS,2020,2,-0.502630168
CS,2020,3,0.518346583
CS,2020,4,0.562217069
CS,2021,1,0.275023315
CS,2021,2,-1.321926988
CS,2021,3,0.001132663
CS,2021,4,-0.118606746
EN,1981,1,0.330684565
EN,1981,2,0.3747173
EN,1981,3,0.218670423
EN,1981,4,-1.059298746
EN,1982,1,0.521161544
EN,1982,2,0.260465492
EN,1982,3,-0.85677339
EN,1982,4,-0.901761537
EN,1983,1,-0.402850457
EN,1983,2,-0.549924196
EN,1983,3,0.224550104
EN,1983,4,0.196604746
EN,1984,1,-0.081295891
EN,1984,2,-0.609122229
EN,1984,3,-0.757312829
EN,1984,4,-1.691366341
EN,1985,1,0.379311336
EN,1985,2,-0.549626601
EN,1985,3,-0.612699707
EN,1985,4,-0.04568735
EN,1986,1,-0.24836207
EN,1986,2,0.465734627
EN,1986,3,-0.207954698
EN,1986,4,-0.520533483
EN,1987,1,0.043778612
EN,1987,2,0.300353042
EN,1987,3,0.566993317
EN,1987,4,-0.126619654
EN,1988,1,0.201176167
EN,1988,2,0.027676927
EN,1988,3,0.621391932
EN,1988,4,-0.135919985
EN,1989,1,-1.511331978
EN,1989,2,0.347953689
EN,1989,3,-1.075968112
EN,1989,4,0.415081008
EN,1990,1,0.083831602
EN,1990,2,-1.116373287
EN,1990,3,-0.555204551
EN,1990,4,0.381093819
EN,1991,1,0.515171784
EN,1991,2,0.543688848
EN,1991,3,0.214761884
EN,1991,4,0.102545531
EN,1992,1,0.517554562
EN,1992,2,0.613945536
EN,1992,3,0.58422743
EN,1992,4,-0.649192392
EN,1993,1,0.140224848
EN,1993,2,0.27677394
EN,1993,3,0.728672524
EN,1993,4,-0.179178764
EN,1994,1,-0.640717569
EN,1994,2,-1.412554081
EN,1994,3,0.059805116
EN,1994,4,-0.263884521
EN,1995,1,-0.112331065
EN,1995,2,-0.211947593
EN,1995,3,-0.77283265
EN,1995,4,0.027299569
EN,1996,1,-0.49535932
EN,1996,2,-0.399073065
EN,1996,3,-0.315237803
EN,1996,4,-0.038818869
EN,1997,1,0.011928595
EN,1997,2,0.209107017
EN,1997,3,-0.304170521
EN,1997,4,0.240431301
EN,1998,1,0.682605756
EN,1998,2,0.177533129
EN,1998,3,0.728672524
EN,1998,4,0.364687845
EN,1999,1,0.53500584
EN,1999,2,0.067034168
EN,1999,3,0.728672524
EN,1999,4,0.389062474
EN,2000,1,-1.481181493
EN,2000,2,-0.574030972
EN,2000,3,-0.912139313
EN,2000,4,0.349580315
EN,2001,1,0.363288097
EN,2001,2,0.613945536
EN,2001,3,0.66571225
EN,2001,4,0.398391329
EN,2002,1,0.503621558
EN,2002,2,0.425945318
EN,2002,3,-0.023886924
EN,2002,4,0.614364387
EN,2003,1,0.133401509
EN,2003,2,-0.011800085
EN,2003,3,0.444350132
EN,2003,4,0.306441497
EN,2004,1,0.208998317
EN,2004,2,0.289504211
EN,2004,3,0.651539589
EN,2004,4,0.335407061
EN,2005,1,-0.341915598
EN,2005,2,0.541699047
EN,2005,3,0.104049064
EN,2005,4,0.524251665
EN,2006,1,0.39525654
EN,2006,2,-0.455662314
EN,2006,3,0.559056039
EN,2006,4,-0.008791178
EN,2007,1,-1.076311967
EN,2007,2,0.613945536
EN,2007,3,-0.813524823
EN,2007,4,0.092808614
EN,2008,1,-0.218678506
EN,2008,2,-0.737511572
EN,2008,3,-0.605012759
EN,2008,4,0.297275084
EN,2009,1,0.454884975
EN,2009,2,0.211339487
EN,2009,3,0.386018152
EN,2009,4,0.686050288
EN,2010,1,0.398363678
EN,2010,2,0.199750967
EN,2010,3,0.325575075
EN,2010,4,-0.100323714
EN,2011,1,-0.231848942
EN,2011,2,-0.303004045
EN,2011,3,-0.179786277
EN,2011,4,0.686050288
EN,2012,1,-0.618785924
EN,2012,2,0.250279266
EN,2012,3,0.044780202
EN,2012,4,0.040882924
EN,2013,1,-0.270458111
EN,2013,2,-0.833529067
EN,2013,3,0.070620948
EN,2013,4,0.578861592
EN,2014,1,0.439229941
EN,2014,2,0.205892312
EN,2014,3,0.531087932
EN,2014,4,0.623055816
EN,2015,1,0.166413379
EN,2015,2,-0.631067759
EN,2015,3,0.464319541
EN,2015,4,0.686050288
EN,2016,1,0.361467517
EN,2016,2,0.560575077
EN,2016,3,0.728672524
EN,2016,4,0.489068923
EN,2017,1,0.682605756
EN,2017,2,0.461860217
EN,2017,3,0.728672524
EN,2017,4,0.615160897
EN,2018,1,-0.573010395
EN,2018,2,0.524660178
EN,2018,3,-0.099107545
EN,2018,4,0.306526112
EN,2019,1,0.581780281
EN,2019,2,0.613945536
EN,2019,3,0.512746683
EN,2019,4,0.135926129
EN,2020,1,0.516269536
EN,2020,2,-0.60472674
EN,2020,3,0.728672524
EN,2020,4,0.571154238
EN,2021,1,0.377662759
EN,2021,2,-0.234968781
EN,2021,3,0.382990904
EN,2021,4,0.606934917
ES,1981,1,0.608977635
ES,1981,2,0.580399924
ES,1981,3,-0.322605488
ES,1981,4,-0.040210264
ES,1982,1,0.064508558
ES,1982,2,-0.503878166
ES,1982,3,-0.5959302
ES,1982,4,-1.090327508
ES,1983,1,0.344470156
ES,1983,2,-0.400984488
ES,1983,3,-0.546315196
ES,1983,4,-0.15315344
ES,1984,1,-0.369110505
ES,1984,2,-0.526115924
ES,1984,3,-0.466708309
ES,1984,4,-0.8046518
ES,1985,1,-0.087256188
ES,1985,2,0.264417465
ES,1985,3,-0.024134751
ES,1985,4,0.607282909
ES,1986,1,-0.263236949
ES,1986,2,0.162285557
ES,1986,3,-1.68837336
ES,1986,4,-1.00255439
ES,1987,1,0.334216421
ES,1987,2,-1.471211705
ES,1987,3,0.502403544
ES,1987,4,-0.544163097
ES,1988,1,-0.184734206
ES,1988,2,0.098267226
ES,1988,3,0.514801861
ES,1988,4,0.197150723
ES,1989,1,0.025543504
ES,1989,2,-0.192774745
ES,1989,3,-0.497347034
ES,1989,4,0.543217266
ES,1990,1,0.232837448
ES,1990,2,0.444762056
ES,1990,3,-0.239320013
ES,1990,4,0.573303008
ES,1991,1,0.643071326
ES,1991,2,0.518863257
ES,1991,3,0.209155454
ES,1991,4,0.213187947
ES,1992,1,-0.591193072
ES,1992,2,0.296728573
ES,1992,3,0.142479751
ES,1992,4,-0.397244911
ES,1993,1,-0.232995091
ES,1993,2,0.543502708
ES,1993,3,0.431101956
ES,1993,4,0.057996316
ES,1994,1,0.04915797
ES,1994,2,-0.700320602
ES,1994,3,0.270106919
ES,1994,4,-0.166869763
ES,1995,1,0.058739682
ES,1995,2,-0.131043199
ES,1995,3,-1.154289129
ES,1995,4,-0.52679953
ES,1996,1,-1.485129617
ES,1996,2,-0.226835997
ES,1996,3,0.38120476
ES,1996,4,-0.450920346
ES,1997,1,-0.439765799
ES,1997,2,0.15330473
ES,1997,3,0.254972395
ES,1997,4,0.120032281
ES,1998,1,0.517811292
ES,1998,2,0.561606299
ES,1998,3,0.174308561
ES,1998,4,0.22372924
ES,1999,1,0.608977635
ES,1999,2,0.175287135
ES,1999,3,0.711767898
ES,1999,4,0.264044942
ES,2000,1,-0.024365735
ES,2000,2,-0.492891977
ES,2000,3,0.23456204
ES,2000,4,0.694973819
ES,2001,1,0.541231598
ES,2001,2,0.255010892
ES,2001,3,0.399403207
ES,2001,4,0.141509321
ES,2002,1,0.458476574
ES,2002,2,0.561606299
ES,2002,3,0.047353053
ES,2002,4,0.572405261
ES,2003,1,-0.096394855
ES,2003,2,0.246671717
ES,2003,3,0.466079215
ES,2003,4,0.017179758
ES,2004,1,0.289195735
ES,2004,2,0.287404408
ES,2004,3,0.135107615
ES,2004,4,0.177461215
ES,2005,1,-0.766702738
ES,2005,2,-0.215853783
ES,2005,3,0.152460598
ES,2005,4,0.226328595
ES,2006,1,0.643071326
ES,2006,2,-0.638948723
ES,2006,3,0.181532792
ES,2006,4,-0.222911118
ES,2007,1,-0.336538885
ES,2007,2,0.427477388
ES,2007,3,-0.27278196
ES,2007,4,0.628238604
ES,2008,1,0.245773529
ES,2008,2,-1.104352161
ES,2008,3,0.020768528
ES,2008,4,-0.478376033
ES,2009,1,-0.562496501
ES,2009,2,0.642217568
ES,2009,3,0.680535956
ES,2009,4,0.614836076
ES,2010,1,0.066868492
ES,2010,2,0.385398267
ES,2010,3,-0.102300662
ES,2010,4,0.050527384
ES,2011,1,0.282248645
ES,2011,2,-0.555659443
ES,2011,3,0.306384394
ES,2011,4,-0.208962149
ES,2012,1,-1.280591118
ES,2012,2,0.007825097
ES,2012,3,0.748280656
ES,2012,4,0.308890795
ES,2013,1,0.260181236
ES,2013,2,-0.006585132
ES,2013,3,0.544395192
ES,2013,4,0.475617377
ES,2014,1,0.294639225
ES,2014,2,0.484098425
ES,2014,3,0.613051571
ES,2014,4,0.768456142
ES,2015,1,-0.085068381
ES,2015,2,0.221200713
ES,2015,3,0.474393422
ES,2015,4,0.629964066
ES,2016,1,-0.052913139
ES,2016,2,0.525045479
ES,2016,3,0.352705744
ES,2016,4,0.708238296
ES,2017,1,0.479913099
ES,2017,2,0.580399924
ES,2017,3,0.573767004
ES,2017,4,0.35394633
ES,2018,1,-0.005785843
ES,2018,2,0.642217568
ES,2018,3,-0.149978768
ES,2018,4,0.805197304
ES,2019,1,0.643071326
ES,2019,2,0.375027087
ES,2019,3,0.148062437
ES,2019,4,0.497563585
ES,2020,1,0.494776522
ES,2020,2,0.268570356
ES,2020,3,0.55374076
ES,2020,4,0.562305608
ES,2021,1,-0.022212866
ES,2021,2,-0.605060309
ES,2021,3,0.056201135
ES,2021,4,-0.554848809
MB,1981,1,0.152366931
MB,1981,2,0.381791948
MB,1981,3,-0.768026773
MB,1981,4,0.163952079
MB,1982,1,0.654847031
MB,1982,2,-0.032511917
MB,1982,3,-1.494358055
MB,1982,4,-0.207764895
MB,1983,1,-0.337936443
MB,1983,2,-0.968344903
MB,1983,3,-0.414431445
MB,1983,4,-0.625243437
MB,1984,1,-0.231049531
MB,1984,2,-0.139686769
MB,1984,3,-0.678294253
MB,1984,4,-0.612212318
MB,1985,1,-0.021911555
MB,1985,2,-0.2077601
MB,1985,3,-0.371743275
MB,1985,4,0.231736007
MB,1986,1,0.468778593
MB,1986,2,0.465232003
MB,1986,3,-0.791955884
MB,1986,4,-0.255938241
MB,1987,1,-0.769431307
MB,1987,2,-1.327088852
MB,1987,3,0.193268559
MB,1987,4,0.314627617
MB,1988,1,-0.017524425
MB,1988,2,0.379903076
MB,1988,3,0.484162513
MB,1988,4,0.414378515
MB,1989,1,0.630254591
MB,1989,2,0.202684586
MB,1989,3,-0.719456879
MB,1989,4,0.340756961
MB,1990,1,0.200458721
MB,1990,2,0.037006309
MB,1990,3,0.348885015
MB,1990,4,0.478299359
MB,1991,1,0.239397153
MB,1991,2,0.177870465
MB,1991,3,0.289950728
MB,1991,4,0.138736333
MB,1992,1,-0.591906801
MB,1992,2,0.394940951
MB,1992,3,0.182827073
MB,1992,4,-0.604112384
MB,1993,1,-0.68824655
MB,1993,2,0.565358893
MB,1993,3,0.478452809
MB,1993,4,0.30601035
MB,1994,1,-1.089918592
MB,1994,2,0.025043022
MB,1994,3,-0.086751233
MB,1994,4,-0.38120751
MB,1995,1,0.282842265
MB,1995,2,-1.372775458
MB,1995,3,0.047105606
MB,1995,4,-0.735280271
MB,1996,1,-1.546770625
MB,1996,2,0.226855526
MB,1996,3,0.230466724
MB,1996,4,-0.132360692
MB,1997,1,0.474327684
MB,1997,2,-0.008639823
MB,1997,3,-0.784312449
MB,1997,4,0.257402788
MB,1998,1,0.403562147
MB,1998,2,0.370191962
MB,1998,3,-0.109214334
MB,1998,4,-0.272567577
MB,1999,1,0.542225805
MB,1999,2,-0.271117162
MB,1999,3,0.312941164
MB,1999,4,0.393007817
MB,2000,1,-0.213168084
MB,2000,2,-0.405495077
MB,2000,3,0.411728112
MB,2000,4,0.635741541
MB,2001,1,0.409590136
MB,2001,2,0.106255464
MB,2001,3,0.501755839
MB,2001,4,0.241307207
MB,2002,1,-0.637916193
MB,2002,2,0.508239323
MB,2002,3,0.113217958
MB,2002,4,0.37941363
MB,2003,1,0.291386941
MB,2003,2,0.105563368
MB,2003,3,0.240246969
MB,2003,4,-0.928236376
MB,2004,1,0.053589809
MB,2004,2,0.220047149
MB,2004,3,0.378625181
MB,2004,4,0.031181129
MB,2005,1,-0.728084064
MB,2005,2,0.038123531
MB,2005,3,0.341757524
MB,2005,4,0.302402355
MB,2006,1,0.621235205
MB,2006,2,-0.444838943
MB,2006,3,0.065182379
MB,2006,4,-0.503416449
MB,2007,1,0.094038063
MB,2007,2,0.532922783
MB,2007,3,0.232347484
MB,2007,4,0.31071164
MB,2008,1,0.445992999
MB,2008,2,-0.110396583
MB,2008,3,0.40218164
MB,2008,4,0.003130028
MB,2009,1,0.426496564
MB,2009,2,-0.134213086
MB,2009,3,0.43479619
MB,2009,4,0.237584278
MB,2010,1,0.511059822
MB,2010,2,0.622931827
MB,2010,3,0.302406631
MB,2010,4,-0.023164667
MB,2011,1,0.219391571
MB,2011,2,-0.299564241
MB,2011,3,0.490853023
MB,2011,4,0.481320988
MB,2012,1,0.314633132
MB,2012,2,-0.31940582
MB,2012,3,0.521527795
MB,2012,4,0.163316532
MB,2013,1,0.398242614
MB,2013,2,0.344846366
MB,2013,3,0.479866045
MB,2013,4,-0.102079984
MB,2014,1,0.233142454
MB,2014,2,0.333146022
MB,2014,3,0.358444509
MB,2014,4,0.528115244
MB,2015,1,0.623585343
MB,2015,2,-0.240041016
MB,2015,3,0.08641376
MB,2015,4,0.580100722
MB,2016,1,0.536143995
MB,2016,2,0.622931827
MB,2016,3,0.166166211
MB,2016,4,-0.090065486
MB,2017,1,0.177912255
MB,2017,2,0.528436384
MB,2017,3,-0.081026325
MB,2017,4,0.050610203
MB,2018,1,0.518542382
MB,2018,2,0.50816356
MB,2018,3,0.023761477
MB,2018,4,0.140026919
MB,2019,1,0.37856577
MB,2019,2,0.211916512
MB,2019,3,0.441106488
MB,2019,4,0.272962557
MB,2020,1,0.310920309
MB,2020,2,-0.160882143
MB,2020,3,-0.0496203
MB,2020,4,0.138829084
MB,2021,1,0.202669602
MB,2021,2,-0.013781563
MB,2021,3,0.463680228
MB,2021,4,-0.187888761
MN,1981,1,-0.759408843
MN,1981,2,-0.201730187
MN,1981,3,0.578052555
MN,1981,4,-0.669215615
MN,1982,1,-0.001072846
MN,1982,2,0.028536522
MN,1982,3,-0.349104072
MN,1982,4,-1.136089416
MN,1983,1,-0.01952544
MN,1983,2,-0.681320528
MN,1983,3,0.077893737
MN,1983,4,0.527464793
MN,1984,1,-0.115080726
MN,1984,2,-0.174907164
MN,1984,3,-1.37831103
MN,1984,4,0.057444515
MN,1985,1,0.026489687
MN,1985,2,0.017648873
MN,1985,3,0.281261276
MN,1985,4,-0.710939271
MN,1986,1,0.183192258
MN,1986,2,0.229720606
MN,1986,3,-0.383360984
MN,1986,4,-0.32455681
MN,1987,1,0.33607789
MN,1987,2,0.270337104
MN,1987,3,0.551342897
MN,1987,4,0.142760979
MN,1988,1,0.452397252
MN,1988,2,0.459835881
MN,1988,3,0.389655818
MN,1988,4,-0.146149668
MN,1989,1,-0.07401965
MN,1989,2,0.131850691
MN,1989,3,-0.26776637
MN,1989,4,-0.034263732
MN,1990,1,-0.636620523
MN,1990,2,-0.750856696
MN,1990,3,-0.388974271
MN,1990,4,0.14228342
MN,1991,1,-0.467942236
MN,1991,2,0.024739994
MN,1991,3,0.375975745
MN,1991,4,0.330279205
MN,1992,1,0.195215561
MN,1992,2,0.31377901
MN,1992,3,0.430907923
MN,1992,4,-0.029972894
MN,1993,1,-0.200628079
MN,1993,2,0.430990455
MN,1993,3,0.046384945
MN,1993,4,0.24278816
MN,1994,1,0.332223125
MN,1994,2,-1.32891008
MN,1994,3,-0.02137865
MN,1994,4,0.147071453
MN,1995,1,0.239917486
MN,1995,2,0.121743702
MN,1995,3,-0.543040031
MN,1995,4,-0.132191549
MN,1996,1,0.267525168
MN,1996,2,0.321917841
MN,1996,3,0.205656408
MN,1996,4,-0.348705645
MN,1997,1,-0.003277305
MN,1997,2,0.105640529
MN,1997,3,0.237951193
MN,1997,4,0.369032649
MN,1998,1,-0.139583393
MN,1998,2,0.049905612
MN,1998,3,0.109874825
MN,1998,4,0.392393513
MN,1999,1,0.040865397
MN,1999,2,-0.59347408
MN,1999,3,0.465270781
MN,1999,4,0.144539589
MN,2000,1,-0.080047129
MN,2000,2,-0.414482644
MN,2000,3,-1.404290477
MN,2000,4,-1.035328675
MN,2001,1,-0.661697518
MN,2001,2,-0.060682701
MN,2001,3,0.322544741
MN,2001,4,0.192672772
MN,2002,1,0.241803062
MN,2002,2,0.167858248
MN,2002,3,-0.01861118
MN,2002,4,0.547524832
MN,2003,1,0.249684008
MN,2003,2,0.166731912
MN,2003,3,0.380649438
MN,2003,4,0.310735375
MN,2004,1,0.249975553
MN,2004,2,-0.009103676
MN,2004,3,0.220974788
MN,2004,4,0.099599406
MN,2005,1,0.388164508
MN,2005,2,0.46342624
MN,2005,3,0.37623665
MN,2005,4,0.453255142
MN,2006,1,0.333341315
MN,2006,2,-0.234578331
MN,2006,3,0.179050973
MN,2006,4,0.337975366
MN,2007,1,0.095847561
MN,2007,2,0.280617764
MN,2007,3,-1.158481837
MN,2007,4,0.288291999
MN,2008,1,-0.026675276
MN,2008,2,0.139568393
MN,2008,3,-0.256648196
MN,2008,4,0.479196903
MN,2009,1,-0.452198914
MN,2009,2,0.381364222
MN,2009,3,0.560625435
MN,2009,4,0.195451187
MN,2010,1,-0.07401591
MN,2010,2,0.336114971
MN,2010,3,0.270102443
MN,2010,4,-0.874587834
MN,2011,1,0.008433629
MN,2011,2,-1.134968567
MN,2011,3,-0.756117462
MN,2011,4,-0.330478393
MN,2012,1,-0.0509525
MN,2012,2,-1.170816753
MN,2012,3,0.020169674
MN,2012,4,0.157692185
MN,2013,1,0.11066161
MN,2013,2,0.033781206
MN,2013,3,0.488500341
MN,2013,4,0.220745642
MN,2014,1,0.244384665
MN,2014,2,0.236745641
MN,2014,3,-0.398221137
MN,2014,4,0.504893247
MN,2015,1,-0.028293152
MN,2015,2,0.191402403
MN,2015,3,0.570283386
MN,2015,4,0.413206275
MN,2016,1,0.493393836
MN,2016,2,0.433128195
MN,2016,3,-0.096113166
MN,2016,4,0.364200163
MN,2017,1,0.564274702
MN,2017,2,0.025880084
MN,2017,3,0.446586516
MN,2017,4,0.029532286
MN,2018,1,-0.100046942
MN,2018,2,0.142394522
MN,2018,3,0.160724874
MN,2018,4,0.514493038
MN,2019,1,0.358128322
MN,2019,2,0.23948826
MN,2019,3,0.05144897
MN,2019,4,0.10172148
MN,2020,1,0.421582572
MN,2020,2,-0.465145535
MN,2020,3,0.612120883
MN,2020,4,0.45442524
MN,2021,1,-0.022693087
MN,2021,2,0.065499504
MN,2021,3,0.429078069
MN,2021,4,-0.093454504
RN,1981,1,0.043485902
RN,1981,2,-0.143868986
RN,1981,3,-0.070668668
RN,1981,4,-1.344098909
RN,1982,1,0.209129906
RN,1982,2,-0.020176408
RN,1982,3,-0.340082873
RN,1982,4,-0.286857699
RN,1983,1,-0.454264139
RN,1983,2,-0.684893528
RN,1983,3,0.128855859
RN,1983,4,0.255688155
RN,1984,1,-0.367695689
RN,1984,2,-0.082545439
RN,1984,3,-0.628298202
RN,1984,4,-0.177136892
RN,1985,1,0.560735591
RN,1985,2,0.095796378
RN,1985,3,0.224335234
RN,1985,4,-0.27290655
RN,1986,1,0.202379753
RN,1986,2,0.387172647
RN,1986,3,-0.677000025
RN,1986,4,0.003794371
RN,1987,1,0.107235237
RN,1987,2,-0.269660787
RN,1987,3,0.555815062
RN,1987,4,0.31599135
RN,1988,1,0.363686885
RN,1988,2,-0.099478577
RN,1988,3,0.197172887
RN,1988,4,-0.298685535
RN,1989,1,-0.025552299
RN,1989,2,-0.151553936
RN,1989,3,-0.778761335
RN,1989,4,0.144930205
RN,1990,1,0.001344808
RN,1990,2,-0.375128943
RN,1990,3,0.170899238
RN,1990,4,0.320762238
RN,1991,1,0.034917176
RN,1991,2,0.350151083
RN,1991,3,0.637050586
RN,1991,4,0.339776815
RN,1992,1,-0.056629704
RN,1992,2,0.13815218
RN,1992,3,-0.287735984
RN,1992,4,-0.247960445
RN,1993,1,-0.024496954
RN,1993,2,0.288444555
RN,1993,3,-0.08233382
RN,1993,4,-0.055773135
RN,1994,1,-0.420005794
RN,1994,2,-0.334951464
RN,1994,3,0.096639261
RN,1994,4,-0.063215556
RN,1995,1,0.394390266
RN,1995,2,-0.44019741
RN,1995,3,-0.215807532
RN,1995,4,-0.415978796
RN,1996,1,-0.660183345
RN,1996,2,0.264358167
RN,1996,3,0.319199672
RN,1996,4,0.223963838
RN,1997,1,0.203221389
RN,1997,2,0.087035791
RN,1997,3,-0.284712335
RN,1997,4,0.414686621
RN,1998,1,0.500099164
RN,1998,2,0.347026669
RN,1998,3,-0.341347724
RN,1998,4,0.215471058
RN,1999,1,0.260791302
RN,1999,2,-0.419490401
RN,1999,3,0.542746387
RN,1999,4,0.058076666
RN,2000,1,-0.818378914
RN,2000,2,-1.176241958
RN,2000,3,0.10432894
RN,2000,4,0.187129999
RN,2001,1,0.274107175
RN,2001,2,-0.265014366
RN,2001,3,0.198708664
RN,2001,4,-0.235051595
RN,2002,1,-0.153090385
RN,2002,2,0.494217168
RN,2002,3,0.018679334
RN,2002,4,0.367554848
RN,2003,1,0.056165172
RN,2003,2,0.318483891
RN,2003,3,0.328897052
RN,2003,4,0.379039549
RN,2004,1,0.204420293
RN,2004,2,0.206731053
RN,2004,3,-0.049252154
RN,2004,4,0.280397524
RN,2005,1,-0.098603462
RN,2005,2,0.556252617
RN,2005,3,0.384019106
RN,2005,4,0.395094086
RN,2006,1,0.324976154
RN,2006,2,-0.15287119
RN,2006,3,0.117679795
RN,2006,4,0.360345257
RN,2007,1,-0.586664413
RN,2007,2,0.222733303
RN,2007,3,-0.457204602
RN,2007,4,0.507964322
RN,2008,1,0.431144257
RN,2008,2,0.181913924
RN,2008,3,0.013886379
RN,2008,4,0.207430944
RN,2009,1,-0.200986583
RN,2009,2,0.392674495
RN,2009,3,0.511271183
RN,2009,4,-0.05011698
RN,2010,1,-0.116910614
RN,2010,2,0.266785015
RN,2010,3,-0.328074494
RN,2010,4,-1.513375683
RN,2011,1,0.152233323
RN,2011,2,-0.551228363
RN,2011,3,-0.596347761
RN,2011,4,-0.244925644
RN,2012,1,-0.599193943
RN,2012,2,-0.613540514
RN,2012,3,-0.259413065
RN,2012,4,0.328601361
RN,2013,1,0.249112002
RN,2013,2,0.093418054
RN,2013,3,0.287110633
RN,2013,4,0.525982498
RN,2014,1,0.014285185
RN,2014,2,0.42041676
RN,2014,3,0.018930192
RN,2014,4,0.467343782
RN,2015,1,-0.054634962
RN,2015,2,-0.491189782
RN,2015,3,0.503927669
RN,2015,4,0.560563285
RN,2016,1,0.326265906
RN,2016,2,0.556252617
RN,2016,3,-0.31765391
RN,2016,4,-0.418596302
RN,2017,1,0.436952023
RN,2017,2,0.497198491
RN,2017,3,0.358865059
RN,2017,4,0.423384676
RN,2018,1,0.27695365
RN,2018,2,0.497600295
RN,2018,3,0.132715692
RN,2018,4,0.371132948
RN,2019,1,0.421772202
RN,2019,2,0.405569025
RN,2019,3,0.374019841
RN,2019,4,0.42253339
RN,2020,1,0.505967646
RN,2020,2,-0.059401587
RN,2020,3,0.443104031
RN,2020,4,-0.055236589
RN,2021,1,-0.099905988
RN,2021,2,-0.011519158
RN,2021,3,-0.000565465
RN,2021,4,-0.594851403
RS,1981,1,0.11620171
RS,1981,2,-0.533519936
RS,1981,3,-0.238948731
RS,1981,4,0.084794924
RS,1982,1,-0.143548625
RS,1982,2,-0.315994219
RS,1982,3,0.178158151
RS,1982,4,0.319154348
RS,1983,1,0.196102697
RS,1983,2,-0.107731969
RS,1983,3,-0.103667245
RS,1983,4,-0.225450854
RS,1984,1,-0.300872847
RS,1984,2,-0.577350917
RS,1984,3,-0.048781741
RS,1984,4,-0.272532584
RS,1985,1,0.394531129
RS,1985,2,-0.234221733
RS,1985,3,0.184669616
RS,1985,4,-0.203860487
RS,1986,1,0.404913646
RS,1986,2,0.458876578
RS,1986,3,-0.786994687
RS,1986,4,-0.380590894
RS,1987,1,-0.973768138
RS,1987,2,-0.681274066
RS,1987,3,0.233632913
RS,1987,4,0.02201846
RS,1988,1,-0.554461489
RS,1988,2,0.354623044
RS,1988,3,0.403331073
RS,1988,4,0.105381797
RS,1989,1,-0.432730958
RS,1989,2,-0.092455119
RS,1989,3,-0.648560692
RS,1989,4,0.227141639
RS,1990,1,-0.486811399
RS,1990,2,0.003879397
RS,1990,3,-0.538273769
RS,1990,4,0.160293246
RS,1991,1,0.377095789
RS,1991,2,0.478700298
RS,1991,3,0.638377402
RS,1991,4,-0.081230311
RS,1992,1,0.238788935
RS,1992,2,0.321823692
RS,1992,3,-0.275855825
RS,1992,4,-1.542175562
RS,1993,1,-0.501782243
RS,1993,2,-0.079924585
RS,1993,3,-0.13672924
RS,1993,4,-0.142659738
RS,1994,1,-0.114654022
RS,1994,2,0.600921694
RS,1994,3,0.052458507
RS,1994,4,0.369195432
RS,1995,1,0.043302372
RS,1995,2,-0.746321771
RS,1995,3,0.282813083
RS,1995,4,-0.122590717
RS,1996,1,-0.354933968
RS,1996,2,0.116877549
RS,1996,3,0.371156589
RS,1996,4,0.146265628
RS,1997,1,0.465616265
RS,1997,2,-0.110404053
RS,1997,3,-0.859259544
RS,1997,4,0.319644372
RS,1998,1,0.295698847
RS,1998,2,0.30088076
RS,1998,3,-0.775487341
RS,1998,4,-0.22154306
RS,1999,1,0.442167108
RS,1999,2,0.226747413
RS,1999,3,0.578005011
RS,1999,4,-0.126448457
RS,2000,1,0.267225027
RS,2000,2,-0.290290639
RS,2000,3,0.392886886
RS,2000,4,0.381348621
RS,2001,1,0.27949004
RS,2001,2,-0.083742178
RS,2001,3,0.118929405
RS,2001,4,0.110667694
RS,2002,1,-0.395062927
RS,2002,2,0.322819823
RS,2002,3,0.381718901
RS,2002,4,0.479350415
RS,2003,1,0.171278399
RS,2003,2,0.050223515
RS,2003,3,0.414125105
RS,2003,4,0.207638638
RS,2004,1,0.273838744
RS,2004,2,-0.162731913
RS,2004,3,-0.172371174
RS,2004,4,-0.166196462
RS,2005,1,-0.032201721
RS,2005,2,0.46333533
RS,2005,3,0.179388487
RS,2005,4,0.233666432
RS,2006,1,-0.883472009
RS,2006,2,-0.033782184
RS,2006,3,-0.607458281
RS,2006,4,0.431878069
RS,2007,1,0.159227443
RS,2007,2,-0.251009827
RS,2007,3,0.405760298
RS,2007,4,0.420318563
RS,2008,1,-0.103463309
RS,2008,2,-0.096870585
RS,2008,3,-0.221566209
RS,2008,4,0.111106596
RS,2009,1,0.32155712
RS,2009,2,0.253494568
RS,2009,3,0.563015585
RS,2009,4,-0.205209167
RS,2010,1,0.543682313
RS,2010,2,0.363505012
RS,2010,3,0.035527469
RS,2010,4,-0.432042392
RS,2011,1,-0.261467466
RS,2011,2,-0.012804622
RS,2011,3,-0.203954546
RS,2011,4,0.384414165
RS,2012,1,0.080665096
RS,2012,2,0.186744338
RS,2012,3,-0.051344132
RS,2012,4,0.404359494
RS,2013,1,0.385905328
RS,2013,2,0.083916966
RS,2013,3,0.309738515
RS,2013,4,0.574450316
RS,2014,1,0.118381916
RS,2014,2,0.282102112
RS,2014,3,0.400678276
RS,2014,4,0.367436353
RS,2015,1,0.378815829
RS,2015,2,-0.268751768
RS,2015,3,0.438314753
RS,2015,4,0.632814382
RS,2016,1,0.09516894
RS,2016,2,0.210335471
RS,2016,3,-0.375691911
RS,2016,4,-0.744101733
RS,2017,1,0.063507432
RS,2017,2,0.46333533
RS,2017,3,-0.288074227
RS,2017,4,0.362781
RS,2018,1,-0.469152651
RS,2018,2,0.600921694
RS,2018,3,0.50743337
RS,2018,4,-0.217357329
RS,2019,1,0.348433647
RS,2019,2,-0.189824477
RS,2019,3,-0.231229629
RS,2019,4,0.264070818
RS,2020,1,0.275807513
RS,2020,2,0.40447478
RS,2020,3,0.368647758
RS,2020,4,0.437236685
RS,2021,1,0.427425877
RS,2021,2,0.343527506
RS,2021,3,0.088683157
RS,2021,4,-0.856072958
SE,1981,1,0.163820239
SE,1981,2,-1.04469323
SE,1981,3,-0.259659228
SE,1981,4,0.336690576
SE,1982,1,0.354767263
SE,1982,2,-0.123947222
SE,1982,3,-0.791266751
SE,1982,4,0.120381054
SE,1983,1,-0.440599303
SE,1983,2,-0.998730381
SE,1983,3,0.004150386
SE,1983,4,-0.313986762
SE,1984,1,-0.012359583
SE,1984,2,-0.649338034
SE,1984,3,-1.051902532
SE,1984,4,-0.585459441
SE,1985,1,0.055730781
SE,1985,2,-0.424613952
SE,1985,3,-0.091287249
SE,1985,4,-0.885100773
SE,1986,1,0.203549211
SE,1986,2,0.587986164
SE,1986,3,-0.500165354
SE,1986,4,-0.353534945
SE,1987,1,-2.055734439
SE,1987,2,-1.057254638
SE,1987,3,0.383120778
SE,1987,4,-0.342439781
SE,1988,1,-0.003928036
SE,1988,2,0.333775211
SE,1988,3,0.624041713
SE,1988,4,0.769881156
SE,1989,1,0.171249593
SE,1989,2,0.292059298
SE,1989,3,-1.250750376
SE,1989,4,0.078693879
SE,1990,1,0.346285853
SE,1990,2,0.301205357
SE,1990,3,0.063265216
SE,1990,4,0.579071154
SE,1991,1,0.190633007
SE,1991,2,0.449418362
SE,1991,3,0.526028664
SE,1991,4,0.337563058
SE,1992,1,-0.125339664
SE,1992,2,-0.01478404
SE,1992,3,0.244105783
SE,1992,4,-0.850437205
SE,1993,1,-1.104353022
SE,1993,2,0.6691659
SE,1993,3,0.58386751
SE,1993,4,0.140632432
SE,1994,1,-0.335934658
SE,1994,2,-0.199000683
SE,1994,3,-0.140596869
SE,1994,4,-1.08861688
SE,1995,1,0.447134918
SE,1995,2,-0.473458454
SE,1995,3,0.463852141
SE,1995,4,-0.950737407
SE,1996,1,-1.186233269
SE,1996,2,-2.90318E-05
SE,1996,3,0.246765936
SE,1996,4,0.047062251
SE,1997,1,0.485192592
SE,1997,2,0.010766406
SE,1997,3,-0.799263974
SE,1997,4,0.335904938
SE,1998,1,0.355935135
SE,1998,2,0.149004269
SE,1998,3,-0.539084513
SE,1998,4,0.446093257
SE,1999,1,0.254958078
SE,1999,2,-0.454018655
SE,1999,3,-0.108608285
SE,1999,4,0.61634563
SE,2000,1,0.446420968
SE,2000,2,0.08844036
SE,2000,3,0.547214551
SE,2000,4,0.384374593
SE,2001,1,0.701121349
SE,2001,2,-0.003321727
SE,2001,3,0.561231465
SE,2001,4,0.397095793
SE,2002,1,-0.664874838
SE,2002,2,0.418681687
SE,2002,3,0.342357639
SE,2002,4,-0.318865436
SE,2003,1,0.082205605
SE,2003,2,0.395219066
SE,2003,3,-0.050168523
SE,2003,4,-0.587109482
SE,2004,1,0.140425764
SE,2004,2,0.555658284
SE,2004,3,0.456027351
SE,2004,4,0.224201526
SE,2005,1,-0.099610916
SE,2005,2,0.031252652
SE,2005,3,0.08000559
SE,2005,4,0.391997908
SE,2006,1,0.122401852
SE,2006,2,-0.025103606
SE,2006,3,-1.094302726
SE,2006,4,8.5827E-05
SE,2007,1,0.129022211
SE,2007,2,0.6691659
SE,2007,3,-0.098591701
SE,2007,4,0.302555682
SE,2008,1,0.257663033
SE,2008,2,-0.672416432
SE,2008,3,0.236101532
SE,2008,4,0.518221116
SE,2009,1,0.658416452
SE,2009,2,0.6691659
SE,2009,3,0.624041713
SE,2009,4,0.523537959
SE,2010,1,0.462033825
SE,2010,2,0.519745271
SE,2010,3,0.624041713
SE,2010,4,-0.274101678
SE,2011,1,0.188355401
SE,2011,2,0.13525478
SE,2011,3,0.37996399
SE,2011,4,0.665717796
SE,2012,1,0.238205571
SE,2012,2,0.231222415
SE,2012,3,0.18533088
SE,2012,4,0.133466755
SE,2013,1,0.327468559
SE,2013,2,0.6691659
SE,2013,3,0.596860004
SE,2013,4,0.141405487
SE,2014,1,0.489384199
SE,2014,2,0.169557008
SE,2014,3,-0.093637248
SE,2014,4,0.258055676
SE,2015,1,0.358376093
SE,2015,2,0.031229997
SE,2015,3,0.22223234
SE,2015,4,0.170515514
SE,2016,1,0.365183838
SE,2016,2,0.601865359
SE,2016,3,0.275754218
SE,2016,4,-0.763731514
SE,2017,1,0.01903619
SE,2017,2,0.594455586
SE,2017,3,-0.225566581
SE,2017,4,0.699550486
SE,2018,1,0.431491033
SE,2018,2,0.587094079
SE,2018,3,0.391552756
SE,2018,4,-0.750871323
SE,2019,1,-0.022807696
SE,2019,2,0.025366338
SE,2019,3,-0.151315257
SE,2019,4,-0.725065671
SE,2020,1,-0.27182714
SE,2020,2,0.128269091
SE,2020,3,-0.883750423
SE,2020,4,-0.19107293
SE,2021,1,0.039530246
SE,2021,2,0.438565535
SE,2021,3,0.137667318
SE,2021,4,-0.841325921
ST,1981,1,0.009682732
ST,1981,2,0.27073498
ST,1981,3,0.218482576
ST,1981,4,0.123907889
ST,1982,1,0.434208535
ST,1982,2,-0.524725476
ST,1982,3,-0.957567631
ST,1982,4,-0.245411029
ST,1983,1,-1.099624204
ST,1983,2,-0.087002759
ST,1983,3,-2.332372065
ST,1983,4,-0.363558167
ST,1984,1,0.439239343
ST,1984,2,-0.02679403
ST,1984,3,0.307205308
ST,1984,4,-0.654657492
ST,1985,1,-0.242926011
ST,1985,2,0.131466223
ST,1985,3,-0.267175326
ST,1985,4,0.530403267
ST,1986,1,0.410867007
ST,1986,2,0.500084697
ST,1986,3,-0.640467675
ST,1986,4,-0.095834213
ST,1987,1,-0.720788666
ST,1987,2,-1.058764027
ST,1987,3,0.074487881
ST,1987,4,0.427716427
ST,1988,1,0.039916709
ST,1988,2,-0.072356911
ST,1988,3,0.727110858
ST,1988,4,0.317093091
ST,1989,1,0.429276831
ST,1989,2,-0.043936687
ST,1989,3,-0.280772024
ST,1989,4,0.685048676
ST,1990,1,-0.123914322
ST,1990,2,0.738250073
ST,1990,3,-0.285966597
ST,1990,4,0.311211239
ST,1991,1,0.296438906
ST,1991,2,-0.10728171
ST,1991,3,-0.185127936
ST,1991,4,0.061358867
ST,1992,1,-0.198640329
ST,1992,2,0.348761106
ST,1992,3,-0.680819146
ST,1992,4,-0.104979271
ST,1993,1,0.317833151
ST,1993,2,0.603911649
ST,1993,3,0.284770715
ST,1993,4,-0.134262161
ST,1994,1,-0.363381532
ST,1994,2,-0.865869984
ST,1994,3,-0.484503563
ST,1994,4,-1.331331451
ST,1995,1,0.314136286
ST,1995,2,-1.132795301
ST,1995,3,-0.629537625
ST,1995,4,-0.590446727
ST,1996,1,-1.531048434
ST,1996,2,-0.259121039
ST,1996,3,0.012248792
ST,1996,4,-0.50738248
ST,1997,1,-0.182889173
ST,1997,2,-0.528204549
ST,1997,3,0.085569436
ST,1997,4,0.351275698
ST,1998,1,0.327251331
ST,1998,2,0.45819327
ST,1998,3,0.129898211
ST,1998,4,-0.059444254
ST,1999,1,0.553532374
ST,1999,2,0.091594792
ST,1999,3,0.669110919
ST,1999,4,0.33463083
ST,2000,1,-0.337268486
ST,2000,2,0.084350909
ST,2000,3,0.478257733
ST,2000,4,0.324204028
ST,2001,1,0.18272219
ST,2001,2,0.477080738
ST,2001,3,0.374049285
ST,2001,4,0.147952018
ST,2002,1,-0.331286833
ST,2002,2,0.738250073
ST,2002,3,0.526396814
ST,2002,4,0.352168982
ST,2003,1,0.375109676
ST,2003,2,0.26610231
ST,2003,3,0.544519237
ST,2003,4,-0.163514564
ST,2004,1,-0.276484254
ST,2004,2,0.037391572
ST,2004,3,-0.116518169
ST,2004,4,0.475698585
ST,2005,1,0.422367842
ST,2005,2,0.004143132
ST,2005,3,-0.014858419
ST,2005,4,0.684524338
ST,2006,1,0.474562297
ST,2006,2,-1.463144493
ST,2006,3,0.441544156
ST,2006,4,-1.754282956
ST,2007,1,-0.030747459
ST,2007,2,0.738250073
ST,2007,3,0.210180364
ST,2007,4,0.679323507
ST,2008,1,0.070648368
ST,2008,2,0.378371227
ST,2008,3,0.557737653
ST,2008,4,-0.12875713
ST,2009,1,-0.25801505
ST,2009,2,-0.313002439
ST,2009,3,0.666399937
ST,2009,4,0.488618032
ST,2010,1,0.490884653
ST,2010,2,0.576603941
ST,2010,3,0.529548397
ST,2010,4,-0.161273582
ST,2011,1,-0.047224341
ST,2011,2,-1.513408623
ST,2011,3,0.13489668
ST,2011,4,0.357538614
ST,2012,1,0.454763266
ST,2012,2,-0.245639425
ST,2012,3,0.504739402
ST,2012,4,0.605753922
ST,2013,1,0.366081831
ST,2013,2,0.593265596
ST,2013,3,0.38546228
ST,2013,4,-0.198272657
ST,2014,1,0.646639279
ST,2014,2,0.676393663
ST,2014,3,0.55136443
ST,2014,4,0.581491594
ST,2015,1,0.489045506
ST,2015,2,0.397437889
ST,2015,3,-0.314044598
ST,2015,4,0.291149813
ST,2016,1,0.495618755
ST,2016,2,0.738250073
ST,2016,3,0.413561634
ST,2016,4,0.52230701
ST,2017,1,0.498477575
ST,2017,2,0.664140879
ST,2017,3,0.395739034
ST,2017,4,0.13911344
ST,2018,1,0.590028968
ST,2018,2,0.655340255
ST,2018,3,0.4676952
ST,2018,4,0.507665884
ST,2019,1,0.642156316
ST,2019,2,0.293743974
ST,2019,3,0.313370095
ST,2019,4,0.121741464
ST,2020,1,-0.220925744
ST,2020,2,0.33397502
ST,2020,3,0.533737717
ST,2020,4,0.282389867
ST,2021,1,0.372597515
ST,2021,2,0.090601486
ST,2021,3,0.677820691
ST,2021,4,-0.64337008
SV,1981,1,0.345166466
SV,1981,2,0.057492499
SV,1981,3,-0.600736337
SV,1981,4,0.147113263
SV,1982,1,0.281616144
SV,1982,2,-0.01157998
SV,1982,3,-1.212178482
SV,1982,4,-0.524900437
SV,1983,1,-0.238927191
SV,1983,2,-0.727530251
SV,1983,3,-0.686609808
SV,1983,4,-0.546495727
SV,1984,1,-0.155373795
SV,1984,2,-0.422366775
SV,1984,3,-0.255184404
SV,1984,4,-1.044449614
SV,1985,1,-0.289897081
SV,1985,2,-0.141390266
SV,1985,3,0.24270502
SV,1985,4,0.486579451
SV,1986,1,0.142739451
SV,1986,2,0.522755922
SV,1986,3,-1.272753794
SV,1986,4,-0.42257159
SV,1987,1,-0.832933423
SV,1987,2,-1.201587182
SV,1987,3,0.327251127
SV,1987,4,-0.023351175
SV,1988,1,0.030653608
SV,1988,2,0.483115239
SV,1988,3,0.589462013
SV,1988,4,0.169272082
SV,1989,1,0.579364282
SV,1989,2,0.392526004
SV,1989,3,-0.272332754
SV,1989,4,0.502514995
SV,1990,1,-0.066910632
SV,1990,2,0.564426814
SV,1990,3,-0.372405108
SV,1990,4,0.225416765
SV,1991,1,0.174897321
SV,1991,2,0.063989759
SV,1991,3,0.036344469
SV,1991,4,0.170675538
SV,1992,1,-0.200935557
SV,1992,2,0.257418462
SV,1992,3,0.1892443
SV,1992,4,-0.053005279
SV,1993,1,0.104010001
SV,1993,2,0.444404125
SV,1993,3,0.200160294
SV,1993,4,-0.031730461
SV,1994,1,-0.811624199
SV,1994,2,-0.746176865
SV,1994,3,-0.354329339
SV,1994,4,-1.226802658
SV,1995,1,0.253211098
SV,1995,2,-1.658702483
SV,1995,3,-0.751288008
SV,1995,4,-0.878478815
SV,1996,1,-2.475545079
SV,1996,2,0.129109468
SV,1996,3,-0.39422769
SV,1996,4,-0.651671597
SV,1997,1,-0.008554294
SV,1997,2,-0.113733635
SV,1997,3,0.229704195
SV,1997,4,0.476402245
SV,1998,1,-0.010527578
SV,1998,2,0.414172201
SV,1998,3,-0.180679951
SV,1998,4,-0.347241023
SV,1999,1,0.40538246
SV,1999,2,-0.432844892
SV,1999,3,0.518121247
SV,1999,4,0.349691999
SV,2000,1,-0.322067958
SV,2000,2,-0.194600564
SV,2000,3,0.336499125
SV,2000,4,0.316302351
SV,2001,1,0.53865979
SV,2001,2,0.50365523
SV,2001,3,0.542473462
SV,2001,4,0.399626506
SV,2002,1,-0.067005979
SV,2002,2,0.511882005
SV,2002,3,0.21620539
SV,2002,4,0.505490746
SV,2003,1,0.317220019
SV,2003,2,0.02158503
SV,2003,3,0.381783917
SV,2003,4,-0.112478902
SV,2004,1,0.354353053
SV,2004,2,0.429747387
SV,2004,3,0.433575285
SV,2004,4,0.501863488
SV,2005,1,0.009617633
SV,2005,2,0.148898461
SV,2005,3,0.422230104
SV,2005,4,0.670667039
SV,2006,1,0.580526288
SV,2006,2,-0.242238024
SV,2006,3,-0.004898423
SV,2006,4,-0.873154045
SV,2007,1,0.136965491
SV,2007,2,0.609640627
SV,2007,3,0.225187027
SV,2007,4,0.615091095
SV,2008,1,0.414282537
SV,2008,2,-0.221417064
SV,2008,3,0.185282954
SV,2008,4,0.444444394
SV,2009,1,-0.121702998
SV,2009,2,-0.185867459
SV,2009,3,0.381547252
SV,2009,4,0.552554293
SV,2010,1,0.586903571
SV,2010,2,0.633362036
SV,2010,3,0.656204231
SV,2010,4,0.225516217
SV,2011,1,0.255289799
SV,2011,2,0.244568809
SV,2011,3,0.432292085
SV,2011,4,0.62104043
SV,2012,1,0.1422544
SV,2012,2,-0.116044232
SV,2012,3,0.42499179
SV,2012,4,0.679425231
SV,2013,1,0.508683486
SV,2013,2,0.498032934
SV,2013,3,0.576361302
SV,2013,4,0.605786941
SV,2014,1,0.369208035
SV,2014,2,0.600116208
SV,2014,3,0.677161375
SV,2014,4,0.556411465
SV,2015,1,0.416015082
SV,2015,2,0.432753931
SV,2015,3,0.019422139
SV,2015,4,0.595863228
SV,2016,1,0.652532389
SV,2016,2,0.700358588
SV,2016,3,0.440915148
SV,2016,4,0.589945173
SV,2017,1,0.340448757
SV,2017,2,0.708872998
SV,2017,3,0.374025401
SV,2017,4,0.40030304
SV,2018,1,0.501156076
SV,2018,2,0.621697196
SV,2018,3,0.22293651
SV,2018,4,0.684670588
SV,2019,1,0.649923799
SV,2019,2,0.288730366
SV,2019,3,0.529219299
SV,2019,4,0.621614843
SV,2020,1,0.372026832
SV,2020,2,0.287098143
SV,2020,3,0.487679301
SV,2020,4,0.389113609
SV,2021,1,0.702859861
SV,2021,2,0.187654885
SV,2021,3,0.414114892
SV,2021,4,0.129833511
SW,1981,1,-0.287256538
SW,1981,2,-0.619277998
SW,1981,3,-1.677618648
SW,1981,4,-0.313899373
SW,1982,1,-0.798117533
SW,1982,2,0.07416016
SW,1982,3,-0.554144149
SW,1982,4,0.078947224
SW,1983,1,0.560292073
SW,1983,2,0.577638358
SW,1983,3,0.421551633
SW,1983,4,-0.400020734
SW,1984,1,0.098915903
SW,1984,2,-0.146744157
SW,1984,3,-0.258746288
SW,1984,4,0.536071505
SW,1985,1,0.120909808
SW,1985,2,-0.748989509
SW,1985,3,0.579230608
SW,1985,4,0.264437363
SW,1986,1,0.021343084
SW,1986,2,0.024768593
SW,1986,3,-0.1864194
SW,1986,4,0.588262432
SW,1987,1,-0.148063938
SW,1987,2,-0.864352766
SW,1987,3,0.199538732
SW,1987,4,-1.023331612
SW,1988,1,-0.680987618
SW,1988,2,0.680728316
SW,1988,3,0.225617494
SW,1988,4,0.018141581
SW,1989,1,-0.563446393
SW,1989,2,0.279900541
SW,1989,3,0.27789215
SW,1989,4,0.158791202
SW,1990,1,-1.478533968
SW,1990,2,-0.115356867
SW,1990,3,-1.266364612
SW,1990,4,0.148307804
SW,1991,1,0.30990126
SW,1991,2,-0.271664653
SW,1991,3,0.601524621
SW,1991,4,0.09472827
SW,1992,1,0.531924582
SW,1992,2,0.481767676
SW,1992,3,-0.231432576
SW,1992,4,-2.63703754
SW,1993,1,0.402644714
SW,1993,2,-0.674889825
SW,1993,3,-0.603963
SW,1993,4,-0.636930474
SW,1994,1,0.167343448
SW,1994,2,0.680728316
SW,1994,3,0.366415274
SW,1994,4,0.19562391
SW,1995,1,0.255790377
SW,1995,2,-0.096461631
SW,1995,3,0.285986896
SW,1995,4,0.187431567
SW,1996,1,0.627703144
SW,1996,2,0.537935659
SW,1996,3,0.490471446
SW,1996,4,0.648826229
SW,1997,1,0.471362197
SW,1997,2,0.131808539
SW,1997,3,-0.367499183
SW,1997,4,0.383568183
SW,1998,1,0.546005453
SW,1998,2,0.300877786
SW,1998,3,-0.52301027
SW,1998,4,-0.380696671
SW,1999,1,-0.020045287
SW,1999,2,0.234441067
SW,1999,3,0.669346206
SW,1999,4,0.214491673
SW,2000,1,0.070750677
SW,2000,2,0.28859293
SW,2000,3,0.388301317
SW,2000,4,0.648826229
SW,2001,1,-0.014130755
SW,2001,2,-0.556711262
SW,2001,3,0.420218073
SW,2001,4,-0.077373911
SW,2002,1,0.120898975
SW,2002,2,0.755112788
SW,2002,3,0.476903563
SW,2002,4,0.351156403
SW,2003,1,0.27670872
SW,2003,2,0.367815513
SW,2003,3,0.218730256
SW,2003,4,0.456926042
SW,2004,1,0.436006291
SW,2004,2,-0.39010746
SW,2004,3,-0.070417656
SW,2004,4,-0.546398015
SW,2005,1,0.604939909
SW,2005,2,-0.231857974
SW,2005,3,-0.50601304
SW,2005,4,-0.332427865
SW,2006,1,-1.735939422
SW,2006,2,-0.464440735
SW,2006,3,-0.273887407
SW,2006,4,0.592956213
SW,2007,1,-0.570653543
SW,2007,2,-0.731745634
SW,2007,3,0.613572606
SW,2007,4,-0.129088565
SW,2008,1,-0.570565735
SW,2008,2,0.182123103
SW,2008,3,0.535964553
SW,2008,4,0.434965772
SW,2009,1,0.484514703
SW,2009,2,0.236359273
SW,2009,3,0.406584228
SW,2009,4,0.162430634
SW,2010,1,0.624555498
SW,2010,2,0.146665807
SW,2010,3,-0.658333429
SW,2010,4,0.312314524
SW,2011,1,0.402906525
SW,2011,2,0.755112788
SW,2011,3,0.140471497
SW,2011,4,0.432010315
SW,2012,1,0.608047343
SW,2012,2,0.537598545
SW,2012,3,0.18939578
SW,2012,4,-0.446850147
SW,2013,1,0.565393149
SW,2013,2,0.136776745
SW,2013,3,0.460662774
SW,2013,4,0.592956213
SW,2014,1,0.699198754
SW,2014,2,0.68743836
SW,2014,3,0.603786138
SW,2014,4,0.524681826
SW,2015,1,0.699198754
SW,2015,2,0.391405495
SW,2015,3,0.577888727
SW,2015,4,0.408311893
SW,2016,1,-0.360302346
SW,2016,2,0.303760993
SW,2016,3,0.113921904
SW,2016,4,-0.512720529
SW,2017,1,-1.343474428
SW,2017,2,0.038286353
SW,2017,3,0.546651112
SW,2017,4,0.489767949
SW,2018,1,0.225349804
SW,2018,2,0.406284632
SW,2018,3,0.542829223
SW,2018,4,0.024957192
SW,2019,1,0.4599251
SW,2019,2,-1.753820082
SW,2019,3,0.471037886
SW,2019,4,0.18032017
SW,2020,1,0.557091773
SW,2020,2,0.399953559
SW,2020,3,0.466235014
SW,2020,4,0.565809015
SW,2021,1,-0.096279827
SW,2021,2,0.42747129
SW,2021,3,0.397341488
SW,2021,4,-0.508210731
WT,1981,1,-1.409485683
WT,1981,2,0.017303645
WT,1981,3,0.581511969
WT,1981,4,0.158233574
WT,1982,1,0.085268585
WT,1982,2,-0.001741439
WT,1982,3,-0.480072643
WT,1982,4,-2.103027891
WT,1983,1,0.492731369
WT,1983,2,-0.50157528
WT,1983,3,0.138112611
WT,1983,4,0.367649331
WT,1984,1,-0.788305996
WT,1984,2,-0.417524511
WT,1984,3,-1.114965642
WT,1984,4,-0.053733584
WT,1985,1,0.146759916
WT,1985,2,-0.671975926
WT,1985,3,0.044815237
WT,1985,4,-0.019106125
WT,1986,1,0.481540915
WT,1986,2,0.546606494
WT,1986,3,-0.055653867
WT,1986,4,0.047821497
WT,1987,1,0.020857598
WT,1987,2,0.532951629
WT,1987,3,0.324437183
WT,1987,4,0.239324498
WT,1988,1,0.015369423
WT,1988,2,0.429885149
WT,1988,3,0.402112444
WT,1988,4,0.128682066
WT,1989,1,-0.098042093
WT,1989,2,0.434055556
WT,1989,3,-0.087061032
WT,1989,4,-0.051970664
WT,1990,1,-0.520406306
WT,1990,2,-1.472297436
WT,1990,3,-0.468605888
WT,1990,4,0.285404389
WT,1991,1,-0.261093044
WT,1991,2,-0.346881858
WT,1991,3,0.581511969
WT,1991,4,0.430779487
WT,1992,1,-0.287643907
WT,1992,2,0.564574962
WT,1992,3,0.581511969
WT,1992,4,0.403966109
WT,1993,1,-0.909451751
WT,1993,2,-0.029836943
WT,1993,3,0.581511969
WT,1993,4,0.665713516
WT,1994,1,0.376622642
WT,1994,2,-0.822276539
WT,1994,3,0.376246669
WT,1994,4,-0.714897523
WT,1995,1,-0.097712254
WT,1995,2,-0.180281954
WT,1995,3,-0.529269715
WT,1995,4,0.14658508
WT,1996,1,0.171301255
WT,1996,2,0.174880137
WT,1996,3,-0.01445448
WT,1996,4,-0.662458718
WT,1997,1,-0.019636592
WT,1997,2,-0.135329656
WT,1997,3,-0.613268585
WT,1997,4,-0.249386253
WT,1998,1,0.546075804
WT,1998,2,0.461250733
WT,1998,3,0.356743188
WT,1998,4,-0.019282854
WT,1999,1,0.135433838
WT,1999,2,-0.175220923
WT,1999,3,0.403137608
WT,1999,4,-0.442253472
WT,2000,1,-0.22526431
WT,2000,2,-0.075879319
WT,2000,3,-1.667283119
WT,2000,4,0.12501109
WT,2001,1,-1.034127204
WT,2001,2,-0.184008878
WT,2001,3,0.099874943
WT,2001,4,-0.083625966
WT,2002,1,0.492731369
WT,2002,2,0.452478422
WT,2002,3,-0.175661439
WT,2002,4,0.546314743
WT,2003,1,0.408098281
WT,2003,2,0.172349611
WT,2003,3,0.18352667
WT,2003,4,0.058494549
WT,2004,1,0.050212632
WT,2004,2,0.495399169
WT,2004,3,-0.300719845
WT,2004,4,0.211717473
WT,2005,1,0.263584077
WT,2005,2,0.529863633
WT,2005,3,0.492324789
WT,2005,4,0.313312473
WT,2006,1,0.506534377
WT,2006,2,0.148051734
WT,2006,3,0.269884132
WT,2006,4,0.042086043
WT,2007,1,0.259641179
WT,2007,2,0.331767833
WT,2007,3,-1.036109635
WT,2007,4,0.4202185
WT,2008,1,0.180114631
WT,2008,2,0.071013538
WT,2008,3,0.069272073
WT,2008,4,0.131887879
WT,2009,1,0.447078972
WT,2009,2,-0.49802023
WT,2009,3,0.581511969
WT,2009,4,0.207628676
WT,2010,1,0.610610692
WT,2010,2,0.419759454
WT,2010,3,0.475078497
WT,2010,4,-0.26283551
WT,2011,1,-0.064446455
WT,2011,2,0.173428735
WT,2011,3,-0.801763183
WT,2011,4,-0.268899375
WT,2012,1,0.403767345
WT,2012,2,-0.924443775
WT,2012,3,0.354592488
WT,2012,4,0.194185119
WT,2013,1,0.234900806
WT,2013,2,0.316236247
WT,2013,3,0.581511969
WT,2013,4,0.665713516
WT,2014,1,-0.715917996
WT,2014,2,0.41604683
WT,2014,3,-0.122827673
WT,2014,4,-0.345182667
WT,2015,1,0.071887926
WT,2015,2,0.316236247
WT,2015,3,0.498903003
WT,2015,4,0.275144462
WT,2016,1,0.324091576
WT,2016,2,0.277391525
WT,2016,3,0.204845889
WT,2016,4,0.511252514
WT,2017,1,0.044256356
WT,2017,2,0.300794501
WT,2017,3,0.52347291
WT,2017,4,0.392480311
WT,2018,1,0.065912478
WT,2018,2,0.56116822
WT,2018,3,0.48373288
WT,2018,4,0.483645489
WT,2019,1,0.219313064
WT,2019,2,0.297763706
WT,2019,3,0.359583894
WT,2019,4,-0.562009058
WT,2020,1,0.610610692
WT,2020,2,-0.060303461
WT,2020,3,0.353694565
WT,2020,4,0.392069266
WT,2021,1,0.273858229
WT,2021,2,-0.092960668
WT,2021,3,0.508109902
WT,2021,4,0.338639289