Year,Yield,AU_ALL,CS_ALL,EN_ALL,ES_ALL,MB_ALL,MN_ALL,RN_ALL,RS_ALL,SE_ALL,ST_ALL,SV_ALL,SW_ALL,WT_ALL,AU_CDD,CS_CDD,EN_CDD,ES_CDD,MB_CDD,MN_CDD,RN_CDD,RS_CDD,SE_CDD,ST_CDD,SV_CDD,SW_CDD,WT_CDD,AU_RF,CS_RF,EN_RF,ES_RF,MB_RF,MN_RF,RN_RF,RS_RF,SE_RF,ST_RF,SV_RF,SW_RF,WT_RF,AU_SL,CS_SL,EN_SL,ES_SL,MB_SL,MN_SL,RN_SL,RS_SL,SE_SL,ST_SL,SV_SL,SW_SL,WT_SL,AU_TH,CS_TH,EN_TH,ES_TH,MB_TH,MN_TH,RN_TH,RS_TH,SE_TH,ST_TH,SV_TH,SW_TH,WT_TH,AU_TL,CS_TL,EN_TL,ES_TL,MB_TL,MN_TL,RN_TL,RS_TL,SE_TL,ST_TL,SV_TL,SW_TL,WT_TL,AU_WI,CS_WI,EN_WI,ES_WI,MB_WI,MN_WI,RN_WI,RS_WI,SE_WI,ST_WI,SV_WI,SW_WI,WT_WI
1981,1.37649563300406,-0.08720811525,-0.08495096325000001,-0.2588105765,0.08719068199999999,-0.041700496000000004,-0.1586833435,-0.012887415499999999,-0.11112954925000001,-0.0075048122499999995,0.05833550499999998,-0.13460852375,-0.08496490825000001,0.1891426345,-0.0792822195,0.13888344249999995,0.148042868,0.52550636675,-0.39375900725,-0.216926083,-0.162030101,0.033136840000000015,-0.47193394424999996,-0.49253518074999997,0.135719575,-0.27479279475,0.07930138224999997,0.0722792145,-0.037344218750000005,0.13646030174999998,0.008986481000000004,-0.044755032000000014,0.30223667075,0.13064412175,-0.17151345199999998,0.1294564815,0.09585168024999997,-0.07740139700000001,-0.1158131725,0.51054210925,-0.24349452175000003,-0.674737731,0.33368117625,-0.58321154825,0.0,-0.13496993000000002,0.0,-0.33292270074999997,-0.06880639524999999,0.0,0.0,-0.28631076525,-0.277535702,-0.0904090385,-0.132557707,-0.2381543005,-0.08109561099999998,-0.03864595949999999,-0.19507515324999997,-0.15641895299999997,-0.050745646250000026,-0.017000988749999987,0.020819329750000018,0.006498527000000007,-0.07027515725000003,-0.13225684025,-0.11179214625,0.23349221199999998,-0.0338066145,0.20664045174999998,-0.01747895374999999,-0.2630755225,-0.37878766524999996,-0.14286800825,-0.20096041074999998,0.15570204425,-0.012741027249999995,-0.7245131392499999,-0.16310912375000003,0.0,0.0,0.0,0.0,0.0,0.0,0.0,0.0,-0.013464957,-0.7152010885,0.0,0.0,0.0
1982,0.76431677908279,-0.357337836,-0.19693720099999998,-0.4338290805,-0.10838782599999999,-0.010522175499999998,-0.5384582059999999,-0.21194147024999999,-0.15613126425,-0.45204293575,-0.04381902925,-0.34506993775,-0.21456390250000004,-0.33318967425,0.33667386624999995,0.6074930700000001,0.11038739424999999,0.6704529539999999,0.51435994225,0.420968318,0.37652025925,0.3976740845,0.32570343500000004,0.21300018875,0.41290295325000004,-0.292313014,0.2829368115,-0.23849732274999996,-0.2230320895,-0.24644771399999998,-0.07939405800000002,-0.38967112775,-0.2850965685,-0.24084933300000003,-0.23127391449999998,-0.37534901775,-0.31489340525000004,-0.320693702,0.09798749174999999,-0.253254435,-0.7803374679999999,-0.7798372435,-0.011332433249999996,-1.01109257375,0.0,-1.1166302250000002,0.0,-1.001772097,-0.7613602347499999,0.0,0.0,-0.33058664849999997,-0.45074385725,-0.053178718,-0.17084231225,-0.27520228474999997,-0.2344369875,0.36862677725000004,-0.31918547625,-0.18303360800000001,-0.08098861375,0.1358504355,0.22725534649999998,0.2872559865,0.0196810365,-0.4131249135,-0.273248332,-0.0440794905,-0.24422697274999997,-0.531406829,-0.269946959,-0.364432453,-0.10949676850000001,0.00944241374999999,-0.110016414,-0.32337390025,-0.36676068875,-0.2997885745,-0.624893347,0.0,0.0,0.0,0.0,0.0,0.0,0.0,0.0,-0.6415127325,0.04371939024999999,0.0,0.0,0.0
1983,1.62411812961444,0.06470216649999999,0.25995410724999995,0.29708182225,-0.146317494,0.24285562700000002,-0.06939902675000001,0.022739824500000005,-0.165061794,0.018552216499999986,0.0958531775,0.186961561,0.2077866155,0.044915695750000005,-0.049853088999999975,-0.31932237274999997,-0.03721807499999999,-0.25556097349999995,-0.03270532399999998,-0.007809760999999998,-0.17123267025,0.27523270250000004,-0.07857099899999999,-0.03284605250000003,0.06291405249999998,0.19389586825,-0.19501346375,0.2541273515,0.45543740525,0.6821702227499999,-0.13736634474999998,0.3280341395,0.12690353350000003,0.13782773025,-0.15685773050000001,0.14774579275000005,0.38122308800000004,0.5404825865,0.37553402599999997,0.16839376825,-0.02620539375,0.24550386024999998,-0.2424913985,-0.45910417024999994,0.0,0.11539961925000002,0.0,0.0439956505,0.13946407475,0.0,0.0,-0.40863295600000005,-0.6063260107499999,-0.03381545799999999,0.06447080925000004,-0.0364286165,-0.059094739249999986,0.15767711475,0.12400355624999998,-0.09234808124999999,-0.1732658575,-0.2074887635,-0.18951673324999999,-0.02359355499999999,0.10836174474999999,-0.078562377,-0.24270042075,-0.18757646325,-0.13290495075,-0.188995742,-0.586489057,-0.02387185949999998,-0.18865341325000004,-0.060186842750000004,-0.43729151499999996,-0.9706392987499999,-0.5498907442500001,0.2898653325,0.12422950775000001,0.0,0.0,0.0,1.1980970434999998,0.2061568365,0.0,0.0,0.0,0.7170416015,0.20722748375,0.0,-0.2865703605,0.0
1984,1.50037775323996,-0.14153426875,-0.12856620525,-0.02573149474999999,0.1426051465,-0.16120949025,-0.16643480275,-0.13082425125000002,0.011526864250000005,-0.41027870224999996,-0.19084291975,-0.29110707825,-0.23822065975,-0.4269224815,-0.19910950100000002,-0.26601408049999997,-0.26726954974999995,-0.255943119,-0.17124734775,0.062452014499999986,-0.27247628975,-0.38801590799999996,-0.3954695885,-0.0055722110000000005,-0.036047601,-0.4351596630000001,0.04144933199999998,0.1027798365,0.28306714600000005,0.2692861915,0.26617835125,0.22379707925,-0.0410060455,0.25356474649999994,0.39905856124999994,-0.36041579600000007,0.2499610175,0.14445738724999999,-0.05174311149999999,-0.4028474895,-0.031002781500000007,0.28404438025,0.7200960160000001,-0.03560003725000001,0.0,-0.458675274,-0.08291646225,-0.48619966700000006,-0.24434890425000003,0.0,0.0,-0.3334154065,-0.5104001735,-0.49637986175000004,-0.5401995565000001,-0.6305250555,-0.55845892825,-0.54621606,-0.42269832625000003,-0.51521324875,-0.37600483250000005,-0.41174503725,-0.5543509010000001,-0.53157895425,-0.41856996375,-0.4509974735,-0.41321651925,-0.6362309225,-0.7847743224999999,-0.5416466345,-0.41531071775000006,-0.40271360125000005,-0.3139190555,-0.29988452224999995,-0.5747648974999999,0.016248282249999996,-0.469343647,0.05737424075,-0.59363243325,0.0,-0.77591422725,0.0,-0.283742825,0.32407392074999997,0.0,0.2943043865,0.0,0.60580245725,0.54512583925,-0.40174891425,-0.011463890749999997,-0.09130267600000003
1985,1.3687071815672,-0.121609418,-0.338230913,-0.38213856125,-0.020478416500000006,-0.13081465725,-0.258032414,-0.040343291749999996,-0.05948476275000001,-0.12371956250000002,-0.047248793,0.061038211749999995,0.05791674599999999,-0.163530636,-0.017413892999999986,-0.11384210550000001,-0.14781601900000002,-0.10289351000000001,0.27954478475,-0.03309655975000001,0.028284593250000004,0.23332022575,0.5636065155000001,-0.29894344825,-0.17183497325,-0.36096147425,-0.08433474549999999,-0.06535917075,-0.15763487724999997,-0.1574920005,0.11076652224999999,-0.07279282699999999,0.02558199700000001,-0.08798646300000001,-0.07841569000000001,-0.0003810902499999935,-0.15129295025,0.06419319199999998,-0.22441502175,-0.05444083499999999,-0.155028429,-0.496977966,0.29926402025,-0.6890592444999999,0.0,-0.2885396665,-0.05790750475000001,0.39403952575,-0.24601816825,0.0,0.0,-0.26400305625,-0.3736633205,-0.14444065374999998,-0.5188269485,-0.49194571725,-0.47146579200000005,-0.18883648775000003,-0.1106199945,0.007299879499999995,-0.040553834999999996,-0.08223793175000002,0.06745407575,-0.27511808275,0.6441834285,-0.272620437,-0.02144566825,0.05614113225,-0.2071755805,0.19007735875,-0.09241973075000001,-0.09638485875,0.15199016324999998,0.035279631250000006,-0.33631779825,0.03794203824999999,0.074499281,0.05389706749999998,-0.12487672450000001,0.0,0.10093034175000001,0.0,0.13447449275,-0.39183636499999996,0.4903188815,0.36232165275,-0.130239921,-0.04666054274999998,-0.16155671675,0.138516032,0.4153754652499999,1.0273551905
1986,1.44759860622171,-0.1989934495,-0.19429864875,-0.4656972795,0.03730235074999999,-0.094503489,-0.24505972525,-0.255163584,-0.1582930865,-0.1847434355,-0.10499098575000002,0.004808921000000008,-0.18277895524999999,-0.25011533275000003,0.025777383499999987,0.22603690824999997,-0.063696001,0.10072274725,0.41860589650000013,-0.36003371875,-0.05165750700000002,0.11863485200000001,0.28035891325000006,-0.22030884475,0.32013661475,-0.08128244624999999,-0.37818880749999995,-0.010663788499999993,-0.19790438149999998,-0.2074697365,-0.073268182,0.10228948424999999,0.11339798300000001,0.032111256250000005,-0.004159772500000009,9.274674999999732e-05,0.5076337312500001,-0.082367185,0.04144650925000001,-0.35976791575,-0.39509374475,-1.10024742675,0.12543054450000002,-0.836776251,-0.7680766327499999,-0.3885257635,-0.39573975175,0.3549629190000001,-0.15177759349999997,0.0,0.0,-0.22674253,-0.2998224235,-0.19122281474999997,-0.190692916,-0.0893746755,0.05974469025000001,-0.29129646275,-0.011800907749999996,-0.029525375249999986,-0.31242640025,-0.16579728975000002,-0.4268669375,-0.25816897125,-0.43800578199999995,-0.14046275,-0.11874321875,-0.537816827,-0.127778906,-0.6979697855,-0.02847088225000001,-0.0737512325,-0.020913313500000006,-0.07594883925000001,-0.015541230999999975,0.043662454,-0.25745750275,0.11198867724999997,0.25507875975,0.027478956999999984,0.21938502950000005,0.927627657,0.206707401,-0.027517957250000006,0.08079108000000003,0.032303661749999976,-0.09545515349999999,-0.36228828375,0.35284944274999996,-0.25127918975,-0.5056277455,-0.24774845825
1987,1.36448743433984,-0.16526017525,-0.27934422200000003,-0.42049540150000003,-0.144187219,0.01130439725,-0.30917564075000004,-0.10411242925,-0.050105040749999996,0.0340404,0.04397541199999999,0.1756080345,-0.5058256915,-0.0757965625,-0.0025563089999999927,-0.14354926,-0.40629296275,-0.0674968425,-0.10758367325000001,-0.012645687,-0.29549001100000005,-0.06446861175,-0.07168314075,0.18675247875,0.201289512,0.849068832,-0.09857633899999999,-0.10666277125000001,-0.110762381,-0.175128792,0.0497435695,-0.031202655750000002,-0.35681687125,-0.27513182175,-0.0856870505,-0.10605562375,-0.007487180249999989,0.06380189224999999,-0.16080539275,-0.08442094900000001,-0.36774146,-0.8289803302500001,-0.27965074975000004,-0.5776185497499999,0.0709577375,-0.06458042650000001,-0.2388658095,0.20232494574999998,-1.22551849725,0.0,0.0,-0.25613337325,-0.426269722,-0.02137629399999999,-0.44792606375,-0.257377082,-0.202654477,0.05381145074999999,0.0069084990000000054,-0.10816320325,-0.014523031250000002,0.2727572505,0.37827922625,0.26069726575,-0.13115318424999997,-0.06717217575000001,-0.18231332099999997,-0.14493975050000002,0.19612632925,-0.29468870925,-0.39715599574999993,0.3251297175,0.1773452155,-0.34984770774999996,-0.76807702,-0.31933709625,-0.43265516325,-0.45905239600000003,0.279392727,0.046124056749999996,0.13357778349999994,0.20353792850000005,0.15368888925000002,-0.53527993375,0.09028384800000001,0.33740839874999995,-0.059595924499999994,-0.38385617024999996,-0.44153516774999996,-0.023146352249999974,0.330552185,0.7478531939999999
1988,1.57872615217293,0.15479413,0.15618336275,0.2887042605,0.006927293500000015,0.10569820124999998,0.56079309025,0.03250133899999999,-0.05977032575,-0.14048515774999998,-0.003644989749999994,0.13473111475,0.35523695349999995,0.30116688725,-0.056037862249999994,-0.31328647825000006,-0.33871809799999997,-0.005726318250000001,-0.269804757,-0.11554998699999999,-0.17942366899999998,0.21755105375,0.13764340825,0.23837803625000004,0.016660434749999994,0.110105362,-0.17028333475000001,0.11552170924999998,0.23188118975,0.54515717875,0.44801939625000003,0.12293571625000001,0.008338526000000006,0.15013845199999998,-0.18344994874999998,-0.27611294725,-0.11993108250000001,0.2645807455,0.048412932249999985,0.1462903535,0.17127380525000002,0.406661901,-0.57203380275,0.9034344360000002,-0.23323514025,-0.09744203050000001,-0.011311605499999988,-0.031180036250000015,0.7726416875,0.0,0.0,-0.15362381399999997,-0.3210727465,0.177586875,0.08048553549999998,-0.08570629825,0.14479628700000002,0.08846068575,0.7706063085,0.12459116549999999,0.06390929724999997,-0.047900495000000015,0.12030771950000002,0.17079263525,0.24465624025,0.4560434205,0.1824204,-0.17486152,0.17858126024999998,0.156371401,0.31522991975000003,0.28893482075,0.04067391499999999,0.07721860624999999,0.43094251100000003,0.25294093675,0.3181257355,0.06087494325000002,0.2440122705,-0.20937825675000002,0.09269343275000001,-0.26789035325,-0.85168292125,-0.33157074275,-0.016339098250000017,-0.13608056950000005,-0.41829703924999995,-0.0993858425,-0.7617998672499999,0.26353845175,-0.05913634550000001,0.07341181300000005
1989,1.57873342366556,-0.07929289725000001,-0.1181853125,0.19926325225000002,-0.20141603775,-0.085248227,-0.040040480749999996,-0.32294533,-0.049116512749999994,0.1107444275,-0.128159463,-0.307529236,-0.078082858,-0.028814272250000002,-0.22813551575000002,-0.15093601750000002,-0.6087381895,-0.4020268177500001,-0.28368768475,-0.36424834,-0.10029476875000001,0.12566566475000002,0.2631888595000001,-0.20225477425000002,-0.38962796725000004,-0.335284294,-0.28938185824999996,0.1081058255,-0.012035837000000021,0.3760297025,0.10745302650000003,0.26080972975,-0.07731884300000001,0.05636107625000001,0.34145069399999994,0.00666557650000002,0.03988214324999998,-0.049078012250000004,-0.11717868825,0.364229339,0.003170380749999979,0.59928837225,-0.29503668750000006,0.14388836425,-0.68832483025,0.7802570174999999,-0.18665059849999996,-0.35752352500000006,0.029464933000000013,0.0,0.0,-0.1617967365,-0.313017612,-0.349154898,-0.224334788,-0.37752831825,-0.41666445249999995,-0.43130618325000003,-0.18669096300000002,-0.33687223625,-0.43968371925,-0.45468931125,-0.2377099345,-0.51598617,-0.14653481899999998,-0.421857884,-0.03576407150000001,0.03584807174999999,-0.45606634825000003,-0.030340252250000005,0.11355981475000003,-0.06104976525,-0.20273434125,-0.2366512825,-0.1771869015,0.197404199,0.30051813175,0.038284375,0.04924544175000001,-0.0819225585,0.6593218107500001,-0.19232679325,-0.02567411325000002,-0.10345696199999999,-0.08582612,-0.480136713,-0.15489049775000002,-0.38385617024999996,0.06992066924999998,-0.8428451962499999,0.08123930075,0.47546008649999993
1990,1.63438632270942,0.04435961399999999,-0.004172121750000007,-0.079018087,0.36752705825,-0.17379450224999998,0.05035757825000001,0.2141592905,-0.07781553949999999,-0.135544595,-0.22531325224999998,0.15115584825,-0.050329708,0.302320079,-0.10249431275,-0.30659475625,0.254424025,-0.20034105575,-0.35534111399999996,-0.005700932999999991,-0.07968361749999998,-0.2260012565,-0.14407412474999998,-0.11390720775,-0.28682303975,-0.1822658355,0.41637716,0.11242562700000001,0.0767135285,-0.15428337675,0.39462165025,-0.0687036265,0.11234057674999999,0.16468475774999997,-0.10626649299999999,-0.08149086500000001,-0.10768099375,0.25570989,0.25939641150000003,0.60406606375,0.12559212025,0.11016949574999998,0.9726543695,-0.36194476374999995,0.30835043349999997,-0.24221538374999996,-0.29214569475,0.47099850225000006,-0.068065965,0.0,0.0,-0.1216570675,-0.24416304449999998,-0.1049389055,-0.08505777199999999,-0.19294038,-0.26469484475,-0.2788853775,0.40067692275,0.1850261,-0.04936458675,-0.082927537,-0.276113068,-0.27324084675,-0.34231957050000006,0.0005740942499999901,-0.06519604500000001,0.24653266775,-0.30166310425000004,0.25289562475,0.266162351,-0.40854201749999997,0.029469335249999992,-0.21522813125,0.32245689499999997,0.15989509825,0.08763195975000002,-0.6779869107500001,-0.54397631025,-0.07080615425,0.26046633275,0.28188100675,0.5253546905,-0.35076517575,-0.004803980499999999,-0.2438072395,-0.22257877024999997,-0.41249570275,0.15736954474999998,-0.8428451962499999,-0.10601483725000001,0.10856547449999997
1991,1.46976193790895,-0.011347413,-0.159010478,0.2289202545,0.07846404450000002,-0.1378078665,-0.134239602,-0.23314625774999997,-0.07404666575,0.1760080445,0.027371110000000004,0.1277714325,-0.128911193,-0.03192332450000001,0.5135110865,0.809161807,1.12899687375,0.7123233412500001,0.591070437,0.3986745435,0.65254540375,0.3956891265,0.4205122985,0.32157620775,-0.08469970425000001,-0.20341131725,1.019694018,-0.0886198955,-0.104855653,-0.212527655,-0.21503032049999998,-0.125543683,-0.004114341500000035,-0.19330377025,-0.2445202675,0.08752368675000001,-0.24198606350000001,0.26008504849999997,-0.20692740775,0.13776167925,-0.0074109237499999925,0.5633241395,0.06804814599999998,-0.1220761005,-0.52529927425,-0.00884512124999997,0.40544505999999997,-0.15224984475000003,-0.28763439625000004,0.0,0.0,-0.036878636500000006,0.060552667500000004,0.06198858075000002,-0.21316530300000003,0.335964279,0.3823743075,-0.15007204975,-0.2765283645,0.019164270750000004,0.09642693599999999,0.44934556775000006,-0.08134566700000001,0.275479094,0.1078282245,-0.20160832825,0.239822833,0.3783648435,0.34404201175000004,0.396069496,0.21148866975,0.06576317699999999,0.340473915,0.3532357945,0.37591077275,0.01634703175,0.11147677174999998,0.18362237450000002,0.1010791385,0.3660275245,0.35096351950000004,-0.27044982500000003,-0.52286246975,0.44870712025000004,-0.09131997724999999,-0.052525779,0.23260863850000002,1.0049909275000002,0.8726638302499998,1.3640231205000002,0.7825659760000001,0.27296521575
1992,1.78117635684677,-0.1622234235,-0.323705855,0.04623232749999999,-0.29009048225,-0.19470802099999998,-0.0018163312500000042,-0.452528053,-0.016097534499999996,-0.03234331249999997,-0.04140572425,-0.26287985799999997,-0.13932177375,-0.07941934725,-0.3116880565,-0.345396184,-0.35795974675,-0.526592806,-0.519643157,-0.09497055024999998,0.05449101474999998,-0.277140724,-0.4151985535,-0.25874812975,-0.59161313775,-0.3211153675,-0.0863693345,0.109765096,-0.11783342325,0.12585269225,0.025489355500000047,0.14347985475,-0.28145168375,-0.12443628124999999,0.37119036024999996,0.63334590125,0.330069029,0.07968582599999999,0.46191540775000006,-0.33012588675,-0.27243052850000005,0.39136646425000005,-0.42590456424999995,0.036032472499999996,-1.0100863315000002,-0.20995074374999995,-0.024712644250000027,-0.3893868877499999,-0.54680199275,0.0,0.0,-0.010991625,0.35345914575000004,-0.3240048385,-0.52957828725,-0.37852217450000003,-0.46985623774999996,-0.532895897,0.23997021799999996,-0.22306154575,-0.40338542925,-0.52042509525,-0.42957355799999997,-0.47893851249999997,-0.33307873649999997,0.171287192,-0.058974624750000024,-0.036598406999999986,0.266633784,-0.13730741475000002,-0.15456279025000003,0.2274824,-0.11354348824999999,-0.31435469,-0.1866137815,-0.15891941,0.04818048150000001,-0.4636944645,0.31560228325,-0.03842947425,-0.267846513,0.42968923175000007,-0.26980054099999995,-0.082331558,-0.25248143525,-0.04735442100000001,0.20935944499999998,0.7689469345,-0.20874845049999996,-0.31534265475,-0.08319472974999999,-0.34204899875
1993,1.96576445467667,-0.25411013625,-0.09431874299999998,-0.21078030325000002,-0.45802236825,0.17202337225,-0.18765231625,-0.33584939225,0.016463969749999995,0.10218075425,-0.27923016125,-0.31261259599999996,-0.494286019,-0.22985942750000002,-0.2622359315,-0.03737592375,0.2654534505,-0.3198182465,-0.54905607625,-0.06572252124999999,-0.28463827575,-0.492664439,-0.2822479045,-0.5445283925,-0.33863152225,-0.17353381549999997,-0.32406751125,0.05685301625,-0.0526137505,-0.2744082035,-0.35154650174999996,0.60200187425,-0.1034321115,0.09735922949999999,0.35469382425,0.5361143582500001,-0.35979764475,0.2985865995,0.077871067,-0.142592549,-0.58695651025,-0.38049696050000004,-0.61198591675,-0.19324544899999999,-0.85611738025,-0.10288279374999995,-0.46891422475,-0.95790429675,-1.12410506,0.0,0.0,-0.0717792815,0.31731660925,-0.23222691424999997,-0.136023736,0.022564254750000026,-0.41053468675,-0.2579551295,-0.2662793875,-0.24879002574999998,-0.32176588500000003,-0.12668930175,-0.008978613749999975,-0.278520091,-0.43662406425000005,-0.3171263055,0.0915265015,0.327027369,0.24162313700000004,0.19990147225000002,0.16539387549999998,0.12988387025,0.03146016149999999,-0.21527395149999998,0.072328205,0.26806333849999997,0.17921098975,-0.37828464625,0.07698419775000001,0.017819710500000002,0.31825185899999997,0.14319573275,0.793800723,-0.1449955085,-0.36415239499999996,0.022726415000000014,-0.22202838599999997,0.07459634125,0.17499276125,-0.3482685405,0.16353645874999995,-0.39781893449999994
1994,1.13570577649355,-0.05622566475,-0.2486673495,-0.26722175625,-0.07874584800000002,-0.17627936425000001,-0.395721273,-0.5801560305,-0.03619926525,0.45526195324999996,0.5726148,0.21976368175,-0.198977054,-0.164024264,0.51188001625,0.4567171035,0.5441960525,0.6223837432500001,0.06791509324999997,0.8093891984999999,0.84210589125,0.6881217055,0.36497172075,0.337122238,0.37354206500000003,0.9316839165,0.10441146874999999,-0.19994771125,-0.35878876425,-0.2993595555,-0.3750094825,-0.265185987,-0.28763339450000003,-0.25351314775,-0.13022434475,0.10724916175000002,0.07447735699999997,-0.13758218925,-0.30472794275000004,-0.16907424925,0.011440281999999996,-0.7203997215,0.318413196,-0.7879098895000001,-1.21535220475,1.1287198250000001,1.30847620275,0.7060106785,-0.6464358299999999,0.0,0.0,-0.15374474999999999,0.10117838275,0.019830435,-0.13854593475,0.21809400824999997,-0.17964125674999998,-0.08737274125,-0.11162053524999999,-0.27160273875,0.05782581424999998,0.12981687349999999,0.33489084075,0.0908625565,0.35423261025,-0.15897427925000002,-0.296036786,-0.46617157449999996,-0.56433776375,-0.13698136900000002,-0.38320857825000004,-0.21774853799999996,-0.18038338825,0.22698040274999998,-0.4410372725,-0.7612716325000001,-0.78473326525,0.35252773700000006,-0.19607618775,0.19254356250000002,0.06416040275000001,0.44947622000000004,0.333747547,-0.16710017324999998,0.16509934600000004,-0.11055243575000002,0.31322086824999995,0.77529944975,0.266435208,0.6985584650000001,-0.3782450305,-0.09957711825000003
1995,1.78985554398751,-0.026942118499999997,0.22432660499999998,0.0477227055,0.09476615125000003,0.2971275105,-0.17868688525,-0.083863097,0.21082787525,-0.12033928725000001,0.053991100749999986,-0.12499419225000001,-0.13935319899999998,-0.0751462475,0.0025273300000000012,0.28512886299999995,-0.21302546475,0.7367180255,-0.023608739500000017,-0.13258369050000002,-0.03690382924999999,0.001772319500000001,-0.17686934724999998,0.00045875550000000487,-0.28381584075,-0.0401855075,-0.08675758025,0.03029984975,0.03985893874999999,-0.15995313725,0.07571095775,0.34992494075,-0.0540761825,-0.06383321549999998,0.12118097475,-0.007064168500000002,-0.0957784465,0.14760632025,0.0940022205,-0.08398100400000001,-0.23297940975000003,0.02566663275000003,-0.2608357985,-0.50447190675,-0.39999874375000005,-0.24820136625,0.32371419474999996,-0.654339523,-0.14536876749999997,0.0,0.0,-0.20389784275,0.007173025999999999,0.12185320500000002,0.40879427150000003,0.27745462150000005,0.46942329425,0.24433008024999994,0.02248743275000001,0.21224266775,0.30047477625,-0.1057523265,-0.06596244574999997,0.13175062625000003,-0.36669304849999995,-0.06631149075000001,-0.26498046475,-0.24218690725,-0.26745293475000004,-0.43834804399999994,-0.44452696450000007,-0.07839259799999998,-0.169398368,-0.13569925824999998,-0.1283022005,-0.5096608417499999,-0.758814552,0.15818680225,-0.16516971074999998,-0.28164185199999997,-0.26371275175,-0.6312423819999999,-0.36070014824999996,-0.08764333425000004,-0.11541274074999999,0.16001766199999998,-0.3433674705,-1.2254441487499999,-0.4955935545,0.08988101500000001,0.32811795974999997,-0.434602332
1996,2.09631018243336,-0.0025837687499999998,0.15303155875000002,0.08688500725000001,-0.00933128725,-0.2895446215,-0.05894007874999999,0.06267104875000001,0.03995151549999999,-0.24260130075,0.17217915724999996,-0.3373025835,0.21708196150000003,0.30666527675,-0.2271175245,-0.1158240365,-0.06522756899999999,-0.16625791775,-0.283836367,-0.11542614074999999,-0.27122142250000003,-0.37124002525,-0.12138370575000001,-0.421397553,-0.342831238,-0.41609395775,-0.03467036075000002,0.12760914425,0.42852136924999995,0.26051504275000004,0.11553595675000002,-0.0680383675,-0.0564717195,0.002875688499999987,0.05679869625,-0.23239933499999998,0.71161137,-0.10286753875,0.1082514455,0.30697712375,-0.046287225499999994,-0.17264915099999997,-0.15221254099999995,-0.27767522549999996,-0.04523363675,-0.04534974975000004,0.35717988025,-0.56816305975,0.53380567925,0.0,0.0,-0.2424237675,-0.0931297045,-0.0890732245,-0.12245825150000003,0.17278912975,0.00868272349999999,-0.511050875,0.157326708,0.23037109325,0.023104334749999997,-0.450054818,-0.55225377875,-0.34087715150000003,0.00918876049999999,0.30635343,-0.21240932525,-0.55522467275,-0.31212226425,-0.4454203,-0.30545226675,0.11159844300000002,0.036834583,0.0698414495,-0.22310852845,-0.57132579025,-0.8480837245000001,0.5762341195,-0.0826829515,-0.16471625975,-0.017314584500000008,0.09530789700000002,-0.28944169999999997,-0.14765746425,-0.046963895000000005,-0.53559612975,-0.015636404499999992,0.15891004749999998,0.07714102424999997,-0.48994676224999995,-0.38840077075,-0.37699637499999994
1997,1.84153209585656,-0.2412141985,0.02513897650000002,-0.34352260825,-0.45151026950000006,-0.006805081250000011,-0.06277744825,-0.167575184,0.04394009874999999,-0.17978859025,-0.22596638225,-0.521610691,-0.10368040175,-0.18644096325,0.02299097549999999,0.262650303,-0.1093258905,0.12452389624999999,0.2162466315,0.09191402724999997,-0.04140738375,-0.19482874825000002,0.2028582025,0.076409453,0.05774098975,-0.10741186925000001,-0.303477905,-0.021125501749999998,0.10963659649999999,-0.19518233149999997,-0.26482773574999996,-0.09924100625000001,0.0015185090000000012,0.06005094500000001,0.1531312895,0.3608767975,0.05357610875000001,-0.244294575,-0.08249322075000001,-0.1062574005,-0.5665206225,-0.5123470145,-0.8638279957499999,0.20029741300000004,-0.1536438075,-0.834247858,-0.7550116955,-1.20883694825,-0.40454707475,0.0,0.0,-0.2324303675,-0.25366156475,-0.13599647125,-0.05935864399999999,-0.32303847874999997,-0.2258750765,0.085630844,-0.39014826575,-0.409132689,-0.06525109200000001,-0.06599471024999999,0.023536441249999998,-0.1117005495,0.175999091,-0.26662452625,0.041600295749999995,0.23080796925000002,0.03932409799999999,0.022135901750000003,-0.015305449999999984,0.1773367665,0.1050578665,-0.046100740000000015,0.008149990499999982,-0.06856214699999999,0.14595462775,0.154809934,-0.25440527150000003,0.18773095725,-0.24507337675000002,-0.12658813200000002,-0.85168292125,0.82948516725,0.12742100099999998,0.15713710274999998,0.43636312800000004,0.25712425375,1.05874074775,0.5567940655,0.2319063265,-0.17885587425
1998,1.85961568450782,0.07575646024999999,0.4668682255,0.29769963175,0.32510528875,0.0316523595,0.32027099249999996,-0.07505241674999999,0.184374533,-0.27975623775,-0.30655220349999995,0.036097792,0.073949251,0.6320827595,-0.23426081425,-0.3215680775,-0.3826197485,-0.43656339875000005,-0.16851571025,-0.5782191830000001,-0.54014249475,-0.07364190425,-0.49424016549999994,0.257400537,-0.036961598,0.45511482725,-0.49117285325000004,0.14609893475000002,0.63855746725,0.17268993624999998,0.0694972895,-0.04881748074999999,0.38859431125,0.1765766505,0.1592444235,-0.13065467325000002,-0.09510258224999998,-0.046158361250000016,-0.017872183,0.48663241749999997,-0.26950236974999997,0.018261473000000028,0.254422351,0.012710602500000001,-0.9264324197499999,-0.47346141325,-0.7512609305,-0.13752728925,-0.1527313320000001,0.0,0.0,-0.26322892225,-0.324975269,0.35067281575,0.29517898425,0.702147486,0.651396226,0.11212219949999999,0.5595080640000001,0.5246985184999999,0.20950464300000002,-0.23515262649999996,-0.07329309775,0.2919790255,0.39245126750000003,0.77753310175,0.161269366,0.18827006575,0.4883748135,0.36936384799999994,0.09799304949999998,0.10314763925,0.18031229175,-0.10011269850000001,0.102987037,0.2139746395,-0.031069087749999988,-0.01420592549999998,0.33619671775,-0.17261444050000002,-0.267846513,-0.6258378019999999,-0.024342516000000005,0.46470770074999995,-0.40583347125,-0.1473235545,0.011990726000000035,-0.31870162849999994,-0.552704918,0.53693149,-0.13866147075000002,-0.6037513295
1999,2.03469870804431,0.04016635425000001,-0.23421829775,-0.13546395175,0.035985762000000004,-0.07878339349999999,-0.1283845125,0.21781035225,-0.03553226024999999,-0.0297903795,0.16759566425,0.031850997500000006,0.19667604700000002,-0.08756958799999999,-0.34984919974999995,-0.46263724100000003,-0.49191339375,-0.62989732075,-0.35776065125,-0.15709005825,-0.16024474225,-0.39986105,-0.26692652775000003,-0.0965426025,-0.495897433,-0.27988294125,-0.399536438,-0.06719371099999999,-0.06598317799999999,-0.0997088065,-0.054805973249999994,-0.14786474924999998,-0.006675479249999977,-0.0573610265,-0.086465079,-0.36188038600000005,-0.23077418325,-0.25132923975,0.36520346325,0.1913201065,0.312338974,0.12818057475,0.30886034925,0.15005653275,0.931545522,0.032745001250000016,0.37899685949999995,0.09879718900000001,0.46952976299999993,0.0,0.0,-0.183959058,-0.16921955049999998,-0.1246462,-0.40245341775000004,-0.434863624,-0.14609708999999999,-0.009702037750000003,-0.5285345910000001,-0.2207534385,0.015400558499999998,0.2397642465,0.3545643165,0.24808504275,-0.24470508549999997,-0.36645928225,0.21863506300000002,0.15013721424999998,0.42994375149999997,0.4400194025,0.244264406,0.014300421750000007,0.1105309885,0.28011776875000005,0.077169192,0.41221722875,0.2100877035,0.27455841475000003,-0.01972573725,-0.41391067225,-0.7601893415000001,-0.038233287000000005,-0.34895733949999996,-0.545061052,0.42140116299999997,-0.22816828975,-0.09374291299999998,-0.986741124,-0.96639815125,-0.5790939255,-0.36132224925,-0.48042155750000004
2000,1.82090879889303,-0.044405979750000005,0.02214101975000002,-0.14216304200000002,-0.4137559165,-0.05972369,-0.005155260000000002,-0.08303803900000001,-0.0582402335,0.048289111750000016,0.07704284624999999,-0.0368205865,0.20034500299999997,0.02722909525,-0.15807118750000004,-0.22710484324999997,0.04091936075000002,-0.23161930649999998,-0.46393647275,-0.28033961350000003,-0.17943667599999996,-0.23761143599999995,-0.18492560749999998,-0.18218285700000003,-0.14827580900000004,0.19898580249999995,-0.0013267919999999656,0.14133847125,0.1049032705,-0.09035940249999999,-0.12454835874999999,0.20955820850000004,0.25803557575,0.46002662875,0.08142224474999998,0.25860949275,0.10360123475,-0.03232699600000001,0.17800516800000005,0.2891345885,-0.0989150035,-0.14292150674999993,-0.874369206,0.17923706575,-0.2645881654999999,-0.2203929125,-0.07154909599999999,0.05935529224999997,0.54390850275,0.0,0.0,-0.127022831,-0.09533443675,-0.1756414075,-0.06062123124999998,-0.19320821700000002,-0.242350185,-0.32900558874999997,-0.4527384215,-0.44455257949999993,-0.19790271125,0.10665075549999999,0.19907640025000004,-0.137490054,-0.12087866100000001,-0.23467639824999997,-0.09908795075000001,-0.199644237,-0.65444286575,0.10306953675000002,0.10720162300000001,-0.7335372312499999,-0.42579048325,0.18779247375,0.366612618,0.137386046,0.03403323849999999,0.34911778825,-0.4608539145,-0.38576897200000004,-1.03369464925,0.16975831700000005,-0.85168292125,-0.12563392825,0.69269336575,-0.34857074974999996,-0.32023390524999995,-0.918541285,-0.5572015834999999,0.08689070075000005,-0.8003030172500001,-0.622708005
2001,2.10762145143244,0.1134224185,-0.041302874,0.27672907175,0.18702993850000002,-0.008098248749999998,0.17669244775,-0.011131072250000006,0.05840961525000002,0.20275861174999998,-0.029317131499999996,0.1695589465,-0.024126675250000007,-0.30149422350000005,-0.008500500499999994,-0.03930731250000001,0.06557803825,-0.14307091249999998,-0.14697431625,0.083724138,-0.016011135000000003,-0.13457036249999998,-0.39087604524999997,-0.11682834049999999,0.24744495374999997,0.13233958475000002,0.35654570274999997,-0.04579503125,0.04581247349999999,-0.10266338875,0.13282632374999997,-0.32713101875,0.00025210999999999983,-0.09818893799999999,0.027661333749999996,-0.0829008115,-0.07358581674999999,0.16188790125000002,0.1603170425,-0.39382758874999996,0.45589902925000003,0.9669649759999999,0.5539238215,0.9409853782500001,0.40154472425,0.49888314425,-0.04407509849999999,0.311925442,0.017039846000000015,0.0,0.0,-0.05861801675,-0.018367761749999996,-0.06983674175,-0.128418221,-0.03411437175000001,-0.12566033000000001,0.31093452125,-0.41116014500000003,-0.336749003,0.08915789700000001,0.19229350275,0.02970952025,0.03486349649999998,-0.24973691400000003,-0.20916085825000003,0.19652747625,0.3031311745,0.5103343029999999,0.3342887545,0.31472716149999996,-0.05179067649999998,-0.006812530500000004,0.10633624024999999,0.41403172,0.29545105774999997,0.496103747,-0.05699946375000001,-0.30047177625,-0.05877317,0.36361644725,0.45089070725,0.34264278400000003,-0.69849556975,-0.331237656,-0.17471185125000005,-0.1931405745,-0.986741124,0.28439734075000006,0.318212671,0.25197747849999996,-0.3326886925
2002,0.907030249859,0.072075557,0.17413836475,0.3135458545,0.31872744,-0.2890267745,0.07757541525,0.18046413549999996,-0.15157698149999999,-0.06779431074999999,-0.06791774300000002,0.09719690074999998,-0.13288170025,-0.019693325750000004,0.45762166325,0.5882429915,0.561325449,0.4776025535,0.4432329175,0.7493594385000001,0.8222339215,0.43076058675,0.40071939075,0.013608468000000026,0.1125228255,0.131682427,0.76016898925,-0.29572416749999997,-0.330483317,-0.14689312999999996,-0.23403932225,-0.358984258,-0.2282738725,-0.26542106275,-0.415069476,-0.304445204,-0.42241972575000003,-0.137581779,-0.26929344675,-0.4357854125,0.252572377,0.01964013375000001,0.50763699075,0.1013967345,0.513796613,0.319021938,0.11907767049999998,0.6234037205,-0.18339478425,0.0,0.0,0.05252320375,0.11810055875,0.25937846099999995,0.6787600460000001,1.06789056,0.6825846524999999,-0.21906929125,0.35960338375,0.2930168555,0.11191551250000001,-0.217959666,0.09958882625,-0.19423123949999999,0.05404313074999999,0.3963987605,0.248850603,0.17947286974999999,0.38001108475,0.40996029675,0.09073867949999999,0.2346437405,0.18184024124999998,0.197206553,-0.055675237,0.321382259,0.2916430405,0.42601793225,0.32896577375,0.002204232999999986,0.8908299605,-0.0045070097500000015,0.0433562455,0.07936441474999999,0.1454113945,-0.3859497845,-0.11051047099999999,-0.31186857149999997,0.5855069,-0.8428451962499999,-0.5527474905,0.49041040425000004
2003,1.99981633262162,0.10100010000000001,0.07130054525,-0.0830040185,0.063528865,-0.031825911999999984,-0.05492744825,0.22392123400000002,-0.014512596999999992,-0.0413019855,0.23530388800000002,0.09770527425,0.5542390189999999,-0.21925908499999996,0.04742486475000002,-0.032922642749999974,0.1608027515,-0.009034001,0.0602065,0.27041651024999996,0.07231317999999999,-0.200320673,-0.41865702625,0.5680685125,0.159966703,-0.11606212475,0.054320685749999986,-0.07356721299999999,-0.08740460724999999,-0.12166056524999999,-0.1591513215,0.16304309449999999,-0.20723227500000002,-0.25797175175,-0.07717121475,0.07366477825,0.32806301825,-0.226286172,0.06809127150000001,-0.37879081075,0.259550803,-0.49269024350000007,0.2150253545,-0.237801544,0.5900323125,0.12039340425,0.23057359125,0.748643829,0.9022297205000002,0.0,0.0,0.2055506575,0.12860386125,0.11701671025,0.23000569799999998,0.3653387545,0.134712562,-0.22669491800000002,0.28025147375000004,0.33970314125,0.04814602,-0.31796413874999996,0.14727505525,-0.229241834,0.69239606575,-0.05972735900000001,0.18266272,0.22653642375,0.21809826325,0.15838395875000003,-0.07275977449999999,0.27695018325,0.270646416,0.21081641424999997,-0.0399633335,0.25555416475000003,0.152027516,0.33004513275,0.20561727775,-0.05500692324999999,0.32799017775,-0.1763521545,1.09573873125,-0.29247931425,-0.11076158224999999,0.25449725199999995,0.03723869475000003,-0.9016600887499999,0.00108099574999998,-0.12383292624999997,-0.348148118,-0.42339474850000003
2004,1.63478215442482,0.0038304247500000055,0.37906051724999995,-0.026815046500000005,0.12139970200000001,-0.06075591925,-0.185842099,0.2972562775,0.12178318925,-0.11044826675,-0.27000400175,0.06298442825,-0.04764462375,-0.18749767699999997,-0.013172234000000001,0.03413655575,0.4327404595,0.27371514399999997,-0.047620679,0.012867392250000005,-0.0434649985,-0.16779286999999998,-0.16999851375000002,0.022947943500000012,-0.022796681500000013,-0.33876341025,-0.14403715149999996,-0.1272304765,0.0442245175,-0.10228698574999999,-0.015003460250000017,-0.2658639485,-0.14752959675,-0.04828583949999999,-0.039081727499999996,-0.3440857585,0.09922558199999996,-0.1982998055,-0.34716911024999997,-0.16260958175,0.027513990749999998,-0.32372485474999996,-0.007439237749999994,-0.2435585875,0.82498460425,0.03332540750000002,-0.451421281,0.23262615399999997,0.15531971925,0.0,0.0,0.19879820274999999,0.027428436,0.11120776000000002,0.71389651725,0.3455667012499999,0.38664180424999994,0.1443521095,-0.16643811325000002,0.11507006700000001,0.282648106,-0.020584448749999998,-0.45781630624999997,0.154626936,0.048915519000000005,-0.21238577200000003,0.1791057435,0.36527495925,0.37136229449999997,0.22229224325000002,0.170860817,0.14036151775,0.160574179,-0.05686520124999999,0.34407823125,0.0300219335,0.42988480325,-0.14272921,0.11415235724999999,-0.18235683575,0.08737841849999997,0.13824922799999997,-0.20126884150000002,-0.07664759975000007,-0.11187197525000002,-0.25047249175,0.06654707724999999,-0.469508376,-0.02781627724999996,-0.35465831124999997,-0.3600793335,-0.62813354575
2005,2.02131387330622,0.192123772,0.076420633,0.1008762675,0.10409400775,0.30920146274999993,0.23438301125,0.27225375975,0.26473301975,0.485998198,0.26350157475,0.19295900100000002,-0.1102569935,0.15208324825,-0.03263295849999999,0.13365161575,-0.24948483700000001,0.084595263,-0.06667176875,0.045083302000000006,0.12029842674999999,0.10069917350000002,-0.1660434595,0.04023305375,-0.10518479450000003,-0.040613993249999994,-0.288157486,0.013602611249999997,-0.012635744750000006,-0.08298076400000001,-0.10174331025,0.14066525825,-0.10987569725,-0.05398138275,0.022772503749999992,0.05609452399999999,0.24162408000000002,0.07416490025000003,0.12093816775000002,-0.1318111995,0.170038145,0.2860890965,0.08720017599999999,0.29083412599999997,0.32600998875000003,0.52878624325,-0.20836523699999998,0.1843695255,-0.13461875825,0.0,0.0,0.205080726,0.0171029665,0.392730559,0.16547701025,0.09952047,0.3268251565,0.4777376675,0.5221906045,0.5447326725,0.5066935355,0.87311382675,0.7572458805,0.320342577,-0.31709039024999996,0.4359776965,0.166718533,0.0442446505,0.2070210445,-0.150941832,-0.011450163500000013,0.420270635,0.30919058675,0.211047132,0.1009113085,0.27404422325,0.31285330925,-0.11633974249999998,0.399771243,0.20888051675000002,2.00543981425,0.01114997525,-0.348997016,0.65499218975,0.16010589149999999,-0.330690019,0.27326389225000003,0.5171446325000001,0.62464403125,-0.15790255124999997,-0.5056277455,-0.39695689425
2006,0.91725646089558,0.062439281500000006,0.061641115749999975,0.1589290195,0.09334954674999998,-0.03670469349999998,0.26542733275,0.265812124,0.139275118,-0.05213969749999997,-0.36683952425,-0.08003082950000001,0.040888197749999994,0.19662679400000002,0.1900311525,0.40409120275,0.05876016449999999,0.30715960825,0.86390835225,-0.355257491,-0.0017407177499999815,0.2447198285,0.51550012625,0.25039327325,0.23128225875000002,0.08231328899999998,-0.32075606300000004,-0.1656476925,-0.34646913925,-0.26184295,-0.1127193145,-0.34981164000000003,0.09912403650000001,-0.144350152,-0.029371112999999997,-0.2256606265,-0.45397285625000006,-0.38482875375,-0.011007475250000015,0.23313767475,0.13748723875,0.54558162525,-0.11003248224999995,0.7587759305,0.68663125125,-0.06849825025,-0.48171323574999997,-0.04461477124999995,-0.1862321565,0.0,0.0,0.18958258125,0.00786095175,0.215478298,0.46975137050000004,0.19304838275,0.502800437,0.276402253,-0.06161796975,0.25515527224999995,0.307921349,0.13773978400000003,-0.16483248074999998,0.18935103625,0.31990422550000003,0.16011591349999998,-0.08796312725,0.04166958149999999,0.12246477174999999,-0.009313930749999998,-0.06545945200000002,0.15394733075,0.162532504,-0.27320860125,-0.24922966324999998,-0.575330249,-0.13494105100000003,-0.4703278377500001,0.2416390715,0.16163787149999997,0.769287007,0.45697095275000005,0.06263332200000005,0.6372577964999999,0.6043878564999999,-0.5142358340000001,-0.2491529395,-0.03244386624999998,0.935616242,0.26838116424999997,-0.5335004455000001,-0.46554679849999997
2007,1.07880300837958,0.16595252725,-0.0254429505,-0.15343593049999998,0.09111759800000005,0.19880045424999998,0.18222392250000002,0.09379232175,-0.028725257500000018,0.534427823,0.13814207675,0.3441409155,0.23105693900000002,-0.05945018625,0.2793925785,0.31709491825,0.2114375055,0.15645344775,0.46003532799999997,0.06356331999999995,0.30681450224999995,0.32691333175000004,0.1299374455,0.35661003925,0.5033682655,0.126077522,0.3944053155000001,-0.01681181575,-0.0446728375,-0.08319579924999998,0.30001202225000007,-0.08275668450000001,0.15886611025000003,-0.1746409655,-0.11300892275,0.40436134425,-0.25801831475000003,0.18066285775000002,-0.27968373474999997,-0.209666864,0.354882465,-0.39382345925,-0.16732343375000003,0.5035314955,0.198282065,0.9017138345,0.460652285,0.46063835399999997,0.8753885785,0.0,0.0,0.15814946625,-0.0960055155,0.15978693225,-0.00621306399999999,0.016711466999999994,0.14066420474999997,0.48035759325000005,-0.11572583825,0.25773586624999995,0.05555840825,0.29720829,0.21179226075,0.39112153400000005,0.09746597275,0.0907664915,0.08619494825,0.10824472625,-0.29577066,0.11159878675,0.2925049925,-0.12343112825000002,-0.07829284750000001,0.18357411925,0.250538023,0.39925162125,0.39672106,-0.20447878400000002,-0.006120530750000033,-0.040512848500000004,0.26596984074999996,-0.10243983549999996,-0.036482556,-0.30018995875000004,0.8753411405,-0.12252013899999999,0.4590106297500001,-0.019927168749999974,-0.5572015834999999,-0.2261954915,-0.8003030172500001,0.07878395800000002
2008,1.58313254792982,0.082428269,-0.08951976975,0.16454703799999998,-0.2066126725,-0.018964365499999997,0.014934067750000002,0.23042773174999998,0.012868358500000003,0.05269882925,0.028370347499999997,0.006239479999999999,0.24576003025,0.053939392499999995,0.06519827925,-0.4702986855,-0.17794634050000002,-0.4494316435,0.27997419425000003,0.227460766,0.03581606699999998,0.1230195325,0.27703544474999997,0.44994128450000004,0.36126989150000005,0.025804535499999975,0.09973430200000004,-0.05339346750000001,-0.08278760924999999,0.3006919555,0.035357860250000005,-0.28800968925,0.06153729399999998,0.05997999175000002,0.05541240925,-0.37971788525,-0.36560986100000004,-0.25934192075,0.207478626,0.014287216500000005,0.36041897349999996,0.50645761275,-0.224955481,0.129220267,0.6844195537500001,0.505715053,0.389997955,0.36036775900000007,0.5321290672500001,0.0,0.0,0.1997012325,0.026570819500000002,-0.05974069925000001,-0.09625193050000001,-0.3135084545,-0.43024039625,0.250080958,-0.1459553575,-0.05311635,-0.02967569199999999,0.03209931925000002,0.060722948500000005,-0.082307399,-0.0023276030000000114,0.09359156825,0.030995789,-0.15173953449999997,-0.3159819382499999,-0.32904653424999997,0.185227021,0.083860456,0.208593876,-0.07769837675,0.08489231224999999,0.2195000295,0.20564820525,0.14562192325,0.11307203025000001,0.23583495649999997,3.1609859495,-0.44728020525,1.51161583925,-0.13449357475,0.46650387274999994,-0.2572512505,0.20781238575000002,-0.9490900445,-0.524149236,0.06260371675000004,0.39957569249999997,-0.6815127015
2009,1.57293009919963,0.364922565,0.49833664525,0.273242427,0.30525446474999995,0.482470226,0.18749517675,0.53373321475,0.17694023350000002,0.6071619515,0.28227012749999997,0.33978392725,0.26083447825,-0.04888989475,0.2610390045,0.026081999,0.48870753624999996,-0.06326448375,0.53303514625,0.348094266,0.19907712325,-0.05427179525,0.8378896275000001,-0.19423703099999998,0.47359465599999995,-0.031135918999999998,0.56889693025,-0.051041195250000004,-0.28209660625,-0.226771253,0.2613829505,-0.19031613525000002,-0.08641853174999999,-0.16152953675,-0.098511056,0.34957597500000004,0.3284226685,-0.17315130875,-0.19164105874999998,-0.14144045125,0.637542652,0.54377374275,0.29619629075,0.6958604687500001,1.2646493644999999,0.50626921175,0.2713952255,0.47245524075,1.0497416725,0.0,0.0,0.31265882175,0.2891840625,0.5082662375,1.2787698965,0.5027247909999999,0.35818415324999997,1.155256587,-0.04695640625000001,0.49807981675,0.45239152349999995,0.96564066825,0.24699248824999998,0.72004785,-0.07559717925000001,0.04366066149999999,0.28543331375000003,0.409506287,0.4345732255,0.34377327474999997,0.2411659865,0.17131048249999997,0.16321052875,0.23321452649999996,0.618790506,0.14600011999999998,0.156632772,0.3224722095,0.18454984675,-0.39808085275,-0.19054111250000005,-0.49256704275,-0.37688639349999997,-0.8183702770000001,0.0047484175000000045,0.008741974750000006,-0.33935973849999995,-0.9581015912499999,0.047292639,-0.618409582,-0.5745768095,-0.46894071775
2010,2.03009969041165,0.2773247535,-0.0012405007499999982,0.6729852322500001,0.04143936675,0.29646888025,0.89229890875,0.3431270985,0.014043729000000005,-0.19903293899999996,0.06698445500000001,0.04499444000000001,0.220022744,0.82361603375,-0.387911966,-0.6101454005,-0.559875417,-0.5097873159999999,-0.518176597,-0.7190347175,-0.6249483252500001,-0.35710133624999996,-0.42793206549999996,-0.25468194575,-0.3362355485,0.759544142,-0.4965690615,0.27253214375,0.19517930325,0.607210142,-0.09721272825,0.6356893100000001,0.7331057967500001,0.742079142,0.09789104199999998,0.18303705999999997,-0.11896929999999999,0.20903653925,-0.28687620575,0.37021562124999996,0.36736422999999996,1.37885912825,0.038578926999999985,1.26005722525,0.28518439725,-0.46782079099999996,0.032513860749999984,-0.14556157325,0.55710266675,0.0,0.0,0.36198683425,0.46646353875,0.19207788650000002,-0.1976603045,0.03288642675000002,0.18295190125,-0.04275154900000003,0.6837337042499999,0.0021177562500000052,-0.06980358375000001,-0.312315086,0.28740880450000006,0.07150835375,0.389841771,1.27701644625,0.14354157374999998,-0.19027299425,0.20584150150000002,0.10012337025000001,0.35330840324999996,-0.08559658249999999,-0.422893944,0.1276681005,0.33292978274999996,0.35894085225,0.52549651375,0.10630059999999998,0.31065328324999997,-0.08638884825,-0.06538176600000001,-0.120586549,-0.63821618125,-0.35308879449999997,0.21211864675,-0.0260915745,0.23169879724999998,-0.16066309699999998,-0.11210589599999998,0.32855449175,-0.17514220375,-0.1577620515
2011,2.15110816384325,0.44117440925,0.09549020425000002,0.3815319817499999,0.23761827100000002,0.5582932107499999,0.18599108699999997,0.324178278,0.30882840350000007,0.5124995305,0.577202574,0.5265320984999999,0.7046585315,0.14922915425,-0.432171636,-0.439367599,-0.669106011,-0.47990381174999996,-0.52745588525,-0.03569983124999998,-0.435838045,-0.547874834,-0.38407407499999996,-0.42019115674999996,-0.4345559065,-0.532914572,-0.27907790624999995,0.47807253125,0.3485511062500001,0.5915313135000001,0.33165346700000004,1.0365930090000002,0.10389193875000002,0.03803842,0.5952582165,0.50508974775,0.90068192,0.56408380075,0.27231636325,0.4491810727500001,0.8269899334999999,0.8890246719999999,0.10967304725000002,0.9363504365,1.3745926982499999,0.8368959970000001,0.6454462535,0.41516134875,1.40877501275,0.0,0.0,0.44826035725,0.6005462429999999,0.01846076325,-0.157570698,-0.33596004025,0.27152829849999993,0.07999341249999994,-0.482269115,-0.44009628449999993,0.02239859074999999,0.19551284625,0.18547954849999998,0.6003511467499999,0.432884219,-0.15072276424999997,-0.006164438250000001,-0.014802853750000011,-0.007147244000000025,-0.043997138250000005,0.22300033525000001,-0.55328269825,-0.31006711124999997,-0.023453117250000002,0.34232299175,-0.2670494175,0.38829778075,0.43262528125,-0.2404200695,0.0,0.0,0.0,0.0,0.0,0.0,0.0,0.0,0.0,0.0,0.0,0.0,0.0
2012,1.7609028368823,0.14360086900000002,-0.222252335,-0.0023443002500000074,0.023711049749999998,0.027271094000000006,0.09907009725,0.05914722999999998,-0.021480369749999992,-0.11254447825,0.07396374225,0.1593146275,0.8635029942500001,0.011655961749999999,-0.17838528675,-0.27687628175,0.08093003500000001,-0.04947746550000001,-0.36466329624999994,-0.16840621800000002,-0.04308454699999997,0.142023178,-0.46474420024999996,-0.35343413075,-0.496073465,-0.05808687049999998,-0.08873017799999998,0.05857760525,-0.12024156225,-0.001270761250000002,-0.10122261049999998,0.34725789075,0.10702419524999998,-0.02934949875,-0.004751645249999992,-0.05308968,-0.2026284635,0.3447096417500001,0.14815770275,0.26833605325000004,0.5219449255,0.2140403775,0.34028468525,0.47981972525,0.41971593600000007,0.014158777499999997,0.14983853249999998,0.56539646475,1.9923049044999999,0.0,0.0,0.5398498225,0.69524784625,-0.14971992325,-0.32426310799999997,-0.21980251625,-0.16792892575,-0.2927157035,-0.28963362924999997,-0.21292474774999998,-0.03820909475000003,-0.298702532,0.27468115674999993,-0.43216222425,0.45004637525,-0.24502412974999999,0.05194592749999999,-0.06899073375000002,-0.070710883,-0.053898642499999996,0.17001790975,-0.2609768485,-0.28588654024999993,0.155106199,0.19705640525,0.32990429125,0.28265679725,0.22204788025000005,0.007025294250000001,0.0,0.0,0.0,0.0,0.0,0.0,0.0,0.0,0.0,0.0,0.0,0.0,0.0
2013,2.00606948773807,0.58433589575,0.26604921225,1.0426256170000001,0.5609230534999999,0.440467177,0.230598539,0.58771966825,0.43316641775,0.49905701225,0.7355471775,0.48349791575,0.8221838862499999,0.027019343749999987,0.016709927749999992,0.08059066174999999,0.10421657675000001,0.4340173975,-0.06110129549999999,-0.18987857824999999,0.17316327925000002,-0.132736022,-0.338730782,-0.02432000025,0.15909818449999996,-0.14495839524999998,0.14115810450000002,0.08515677975,0.01792005674999997,0.30747441899999994,0.41716365875,-0.008978959250000008,-0.137741245,-0.2738689585,-0.04150839225,0.00407280074999998,0.30959674800000003,0.36708445875,0.17120787025,-0.11054109774999998,0.95405733625,2.5473820322500003,0.6306037360000001,0.32929643225,1.372222223,0.34272120825,0.7653156849999999,0.4773980815,1.167519291,0.0,0.0,0.65718234875,1.1437943910000001,0.71379357175,0.51417836725,0.27302040025,0.63500176525,0.8899133135,0.50024043,0.6648057405000001,0.90784122825,1.1503770279999999,1.1317291,0.6060112065000001,1.12782449675,0.16457978525,0.321301441,0.37367847675000004,-0.11362615949999999,0.31840216825,0.28021876025000003,0.21342219975,0.28890579674999994,0.33850278125,0.4337249875,0.2866342625,0.54721616575,0.43894722025,0.44959063450000003,0.0,0.0,0.0,0.0,0.0,0.0,0.0,0.0,0.0,0.0,0.0,0.0,0.0
2014,1.91724692536684,0.39936148325,0.63062352825,0.41130514575,0.3016788245,0.41624156,0.18158306200000002,0.4291913555,0.41543780175,0.6272259099999999,0.2003913005,0.40674000675,0.45601570599999997,-0.15807636375,0.05016080574999999,0.024279137499999978,-0.21184242000000003,0.019200928750000006,-0.041547901250000005,-0.19337380975000001,0.170864529,-0.0619073325,0.13569458999999998,0.47352882350000003,0.10983901899999998,0.20853937425000002,-0.031345269750000015,-0.0544241315,-0.201066702,-0.08612216075,-0.205531701,-0.049156931,-0.10666172975,-0.11091515225000001,0.10746463875,0.49352082849999995,-0.24577208825000002,-0.16364796425,-0.022351437499999988,-0.06284918025000001,0.6815416045,0.8787200685,0.48816371774999995,0.7324968629999999,1.00252793875,0.5908374205,0.56839390275,0.548636645,0.6425562782500001,0.0,0.0,0.653109768,1.1002241962500001,0.5709669775,1.46231375825,0.441317529,0.62240445725,0.8816400515000001,-0.08108594724999998,0.39596127974999995,0.72341096425,0.79731948125,0.2785520865,0.8352313385,0.7478422769999999,-0.25330354774999997,0.3394129735,0.24317922125,0.44981650025,0.54006134075,0.36321205725,0.146950604,0.23024397975,0.29214966425,0.20583990875,0.6139722415,0.55072427075,0.6287762695,-0.19197037649999998,0.0,0.0,0.0,0.0,0.0,0.0,0.0,0.0,0.0,0.0,0.0,0.0,0.0
2015,1.97430550900547,0.19525828374999998,0.08330841849999998,0.3929484205,0.128223111,-0.015138965249999997,0.18942763075,0.6077248497500001,0.34381534875,-0.06865729100000004,0.13252631924999997,-0.041410465749999986,0.368902408,-0.00922081625,0.04265760099999999,-0.30279012625,-0.45598054925000003,-0.4383062395,0.13687073275,0.41575702124999997,-0.003289271999999996,-0.032040737000000014,0.6619527645,-0.12258058799999999,-0.045235740749999975,0.29297514599999996,0.40455879949999984,-0.046147521250000004,-0.11358808875000001,0.014846533500000009,0.001176985750000012,-0.0996292165,-0.292094808,-0.22995296450000002,0.1459926345,0.128716304,-0.28370238775,0.07802231125,0.24846079825,-0.152018359,0.27367882299999996,1.09033935875,0.1986001395,0.293758672,1.2787998527500002,-0.28867543824999997,0.40655479225,-0.3842959955,-0.40565079649999997,0.0,0.0,0.6730006745,1.15058936025,0.35824354925,0.2802049255,0.07365936899999999,0.184892207,0.06935128600000001,0.566619029,0.77432766125,0.5416380624999999,-0.04601273874999995,0.27472655375,0.18204228724999993,1.2638972225,0.13357672649999996,0.27356220025,0.23982244725,0.17142886224999998,0.310122455,0.26251470225,0.286649728,0.12966655249999998,0.295298299,0.195588486,0.2158971525,0.36601359499999997,0.51920121725,0.2905429095,0.0,0.0,0.0,0.0,0.0,0.0,0.0,0.0,0.0,0.0,0.0,0.0,0.0
2016,2.60998648989102,0.59891513625,0.6818573597500001,0.8647270192500001,0.55512076225,0.50075772,0.8807034445,0.5250551285,0.0392873895,0.6916643447499999,0.8537470395,0.48355915475,-0.033648289749999984,1.2388575145,-0.37681207800000005,-0.33638205,-0.22888763175000001,0.074108446,-0.276465458,-0.55097943175,-0.5160655144999999,-0.5279771815,-0.46034378200000003,-0.475165167,-0.31735533800000004,-0.41720329925,-0.48902852575,0.37449106725000003,0.36034253250000003,-0.06036434924999999,0.29239620599999994,0.36054908199999997,0.468690838,0.6379824205,0.04565133025,0.40938621025,1.09476770025,0.37333662274999996,0.018414365999999988,0.49273985025,0.54415978125,1.26749595825,0.41256329275,0.22355707975,-0.20269406075000002,1.49407549925,0.90981508325,0.42630264475,-0.17783724675,0.0,0.0,0.587413511,1.1125138975,0.87809456,1.0033721875000001,1.387049448,0.9604027885,0.64096635825,1.94986241575,1.13987702625,0.03292344825,0.17153132475,0.5566583352500001,0.6510381970000001,0.058478011749999996,1.98497517925,0.26343446024999995,0.3288567075,0.53494601025,0.383269095,0.30879413675,0.298652257,0.03656707774999998,-0.20357230825,0.11976797525000002,0.542434368,0.5959378245,-0.1138349945,0.329395376,0.0,0.0,0.0,0.0,0.0,0.0,0.0,0.0,0.0,0.0,0.0,0.0,0.0
2017,1.91783021354176,0.49816832775000003,1.0801164365,0.9696101997500001,1.08669006525,0.18324541774999997,0.25129054475,0.6070040205,0.10376173100000001,0.2386504255,0.171122962,0.41917093274999995,0.18526429725,0.3561724345,0.19947918150000002,0.37548407775000003,0.26682582025,0.48868980624999997,-0.04373367574999999,0.15467791875,0.36977134850000004,0.38955633725000005,-0.05372943025000004,0.2832944495,0.05910051725,0.19297973,-0.08916671949999999,0.020508447500000006,-0.24475232374999997,0.3175154625,-0.16925179275000002,0.0029478500000000053,0.12541448524999999,-0.28229665724999997,-0.05550734125,0.17819401450000003,-0.36180009849999994,-0.16683011174999998,0.5570484755,0.34541940525000003,0.6752643537499999,1.10891886625,1.3447384064999999,0.161401127,1.0995553295,0.25812994324999994,0.5991477370000001,0.8106180414999999,0.019605379499999992,0.0,0.0,0.635948961,1.3035722035,0.798732182,2.4049851970000002,1.482396271,2.0845835815,0.36354298525,0.46705602175,1.0037533897500002,0.26303080325,0.27962731949999997,0.276021247,0.613724869,-0.02086096299999998,0.3669254635,0.3328873815,0.460320201,0.6220748485,0.49700658924999996,0.16898312925,0.26656839699999996,0.42910006224999997,0.15038738375,0.27186892025000003,0.424367732,0.455912549,-0.0671922535,0.3152510195,0.0,0.0,0.0,0.0,0.0,0.0,0.0,0.0,0.0,0.0,0.0,0.0,0.0
2018,1.69170379050826,0.43005007425,0.25999607575,0.76067444075,0.68933055225,0.20341191874999995,0.25884048325,0.5571930684999999,0.16442730625,0.10646033525000001,0.37989654149999996,0.43462999625,0.20055980700000003,0.320496487,0.20731806075,0.377170359,0.220404364,0.42376917225,0.0038240890000000027,0.51387307675,0.71186551625,-0.044204976,-0.3015765165,0.0007737362500000039,0.27395055625,-0.391357123,0.6993244730000001,-0.15256343574999998,-0.385764415,-0.054442583749999995,-0.243443832,-0.19623569700000001,-0.12394216300000001,-0.34219319574999996,-0.125308059,-0.349676381,0.16885141625,-0.16116772925,0.006417966750000004,-0.023856556249999994,0.85559585425,2.03118246175,0.96056010075,0.46517154299999997,1.455808575,0.1787080285,0.5276679565000001,0.53254271325,0.6931254582499999,0.0,0.0,0.61206488225,1.19364795575,0.5871178035,0.9057565665,0.305283444,1.35087538725,0.6030595342499999,0.43529206975,0.5579638265,0.45416267150000006,0.49034935850000005,0.44317025225,0.9325150045,-0.09786400375,0.66484953,0.2946821335,0.34534479075,0.039767087500000006,0.32291256525,0.29762358450000004,0.179391373,0.31960064625,0.10546127100000001,0.16481663625,0.55518257675,0.5076150925,0.29985521275,0.39861476674999996,0.0,0.0,0.0,0.0,0.0,0.0,0.0,0.0,0.0,0.0,0.0,0.0,0.0
2019,1.46810780331755,0.45986887475,0.70834396425,0.45954313625000004,0.24233609225000002,0.45985858775,0.50864015325,1.1187924192499998,0.8701401475,0.3093598035,0.28432097,0.31547828074999995,0.17932926825,0.310549227,0.46871689149999995,1.26664238225,0.6392386327499999,0.622234945,0.07347372700000002,0.1930649965,0.742356219,0.75689267225,0.40259589975,0.2397256655,0.10666467700000001,0.8064656645,-0.22475278524999995,-0.21013723025,-0.37423615899999996,-0.375205901,-0.28405945374999997,-0.23210476300000002,-0.08376374725,-0.20081667250000002,-0.32414314975,-0.26700871375,-0.29589023225,-0.0724022415,-0.3057380265,0.29372229675000006,0.40693042100000004,1.18696049875,-0.12542036600000003,0.608402941,1.52654583175,-0.24694862975,0.44076138875,-0.2490405695,-0.08434713074999999,0.0,0.0,0.56853126975,1.3382437927500002,1.182813434,1.790924088,0.5668748109999999,1.136488096,1.15182193925,1.0012812662500001,2.03064809875,2.0644234445,1.2198809380000002,0.7080917525,1.2678776530000002,0.928072962,0.3273761575,0.244902347,0.52942846425,0.46109965725,0.41593110875000006,0.32613783175,0.18769675800000002,0.4059736145,0.047862589750000004,-0.2184555715,0.34275296225,0.52237207675,-0.16063423150000003,0.07866290150000002,0.0,0.0,0.0,0.0,0.0,0.0,0.0,0.0,0.0,0.0,0.0,0.0,0.0
2020,2.5872332169189,0.535384859,0.60867210075,0.592774382,0.49859514499999996,0.46483511075,0.72020538925,0.9059045402499999,0.69076492975,0.353232147,0.38818820600000004,0.40658488400000004,0.41130670075000003,0.20941915250000004,0.19501501625,0.055506507000000004,0.5505646572499999,0.366974884,-0.004225391250000002,0.24324013275,0.37288547675000006,0.2956065465,-0.027910288750000012,-0.29153667875,0.4845790865,0.05887114574999999,0.2356241157500001,0.0431133195,-0.14803037625,-0.24914753350000002,0.32553456925,0.1890360425,-0.16753987275,-0.1054500455,0.0023535425,0.08367046475,0.566856616,0.27166503000000003,-0.1214503015,-0.13013830175000002,0.5832173747499999,1.27247244975,0.248924317,0.46627543125000004,1.0487936690000002,0.016021213,0.32699090375,0.3181846825,0.61300687025,0.0,0.0,0.56550954225,1.3568661307499998,0.97975384525,1.3653272774999998,0.754998229,0.92117871325,0.740634179,1.861880609,1.7743699965,1.3791763175,0.76816395475,0.27071709850000003,0.6299049395,0.7417182225000001,0.548976607,0.2513933355,0.21535330025,0.3028423895,0.4698483115,0.059811737499999997,0.25574579,0.20860837525000003,0.371541684,-0.30459535050000003,0.232294215,0.38397947125,0.49727234025,0.3240177655,0.08560917,0.14055426725,0.1427885595,0.140576402,0.034707271,0.11360631,-0.01380914725,0.10930917125,-0.0477682325,0.07059746675,0.09727840225,0.14145225375,0.0
